[    1335ms] [ERROR] Failed to load resource: the server responded with a status of 404 (Not Found) @ https://www.mengxy.cc/v1/statistics/tags?limit=100:0
[    1454ms] [ERROR] Failed to load resource: the server responded with a status of 404 (Not Found) @ https://www.mengxy.cc/v1/statistics/spaces:0
[    1454ms] [ERROR] Failed to load resource: the server responded with a status of 404 (Not Found) @ https://www.mengxy.cc/v1/statistics/distribution:0
[    3553ms] [VERBOSE] [DOM] Input elements should have autocomplete attributes (suggested: "current-password"): (More info: https://goo.gl/9p2vKq) %o @ http://localhost:5173/settings:0
[    4534ms] [ERROR] Failed to load resource: the server responded with a status of 404 (Not Found) @ https://www.mengxy.cc/v1/version:0
[    9051ms] [ERROR] Failed to load resource: the server responded with a status of 404 (Not Found) @ https://www.mengxy.cc/v1/version:0
[   38073ms] [ERROR] Failed to load resource: the server responded with a status of 404 (Not Found) @ https://www.mengxy.cc/v1/statistics/distribution:0
[   38091ms] [ERROR] Failed to load resource: the server responded with a status of 404 (Not Found) @ https://www.mengxy.cc/v1/statistics/trend?days=30:0
[   38091ms] [ERROR] Failed to load resource: the server responded with a status of 404 (Not Found) @ https://www.mengxy.cc/v1/statistics/overview:0
[  144215ms] [WARNING] [Vue warn]: Unhandled error during execution of setup function 
  at <MemoryDetail onVnodeUnmounted=fn<onVnodeUnmounted> ref=Ref< null > > 
  at <BaseTransition mode="out-in" appear=false persisted=false  ... > 
  at <Transition name="fade" mode="out-in" > 
  at <RouterView> 
  at <Anonymous hasSider=undefined prefixCls="ant-layout-content" tagName="main"  ... > 
  at <ALayoutContent class="main-content" > 
  at <Anonymous hasSider=undefined prefixCls="ant-layout" tagName="section"  ... > 
  at <ALayout class="main-layout" style= {marginLeft: 220px} > 
  at <Anonymous hasSider=undefined prefixCls="ant-layout" tagName="section"  ... > 
  at <ALayout class="app-layout" > 
  at <AppLayout onVnodeUnmounted=fn<onVnodeUnmounted> ref=Ref< Proxy(Object) > > 
  at <RouterView> 
  at <App> @ http://localhost:5173/node_modules/.vite/deps/chunk-LZ3HUG3H.js?v=602de535:2203
[  143892ms] ReferenceError: reactive is not defined
    at setup (http://localhost:5173/src/views/MemoryDetail.vue:30:23)
    at callWithErrorHandling (http://localhost:5173/node_modules/.vite/deps/chunk-LZ3HUG3H.js?v=602de535:2351:19)
    at setupStatefulComponent (http://localhost:5173/node_modules/.vite/deps/chunk-LZ3HUG3H.js?v=602de535:10295:25)
    at setupComponent (http://localhost:5173/node_modules/.vite/deps/chunk-LZ3HUG3H.js?v=602de535:10257:36)
    at mountComponent (http://localhost:5173/node_modules/.vite/deps/chunk-LZ3HUG3H.js?v=602de535:8183:7)
    at processComponent (http://localhost:5173/node_modules/.vite/deps/chunk-LZ3HUG3H.js?v=602de535:8149:9)
    at patch (http://localhost:5173/node_modules/.vite/deps/chunk-LZ3HUG3H.js?v=602de535:7646:11)
    at ReactiveEffect.componentUpdateFn [as fn] (http://localhost:5173/node_modules/.vite/deps/chunk-LZ3HUG3H.js?v=602de535:8377:9)
    at ReactiveEffect.run (http://localhost:5173/node_modules/.vite/deps/chunk-LZ3HUG3H.js?v=602de535:507:19)
    at leavingHooks.afterLeave (http://localhost:5173/node_modules/.vite/deps/chunk-LZ3HUG3H.js?v=602de535:3569:24)
[  150646ms] [WARNING] [Vue warn]: Slot "default" invoked outside of the render function: this will not track dependencies used in the slot. Invoke the slot function inside the render function instead. 
  at <ATooltip title=null open=false placement="right"  ... > 
  at <AMenuItem key="dashboard" onClick=fn > 
  at <OverflowContextProvider key=0 value= {prefixCls: ant-menu-overflow-item, responsive: false, component: Object, invalidate: true, order: 0} > 
  at <ResizeObserver disabled=true onResize=fn<onOverflowResize> > 
  at <Overflow class="ant-menu ant-menu-root ant-menu-inline ant-menu-light sidebar-menu css-dev-only-do-not-override-1p3hq3p" onMousedown=undefined prefixCls="ant-menu-overflow"  ... > 
  at <AMenu selectedKeys= [memories] onUpdate:selectedKeys=fn mode="inline"  ... > 
  at <ALayoutSider collapsed=false trigger=null collapsible=""  ... > 
  at <AppSidebar collapsed=false onUpdate:collapsed=fn > 
  at <Anonymous hasSider=undefined prefixCls="ant-layout" tagName="section"  ... > 
  at <ALayout class="app-layout" > 
  at <AppLayout onVnodeUnmounted=fn<onVnodeUnmounted> ref=Ref< Proxy(Object) > > 
  at <RouterView> 
  at <App> @ http://localhost:5173/node_modules/.vite/deps/chunk-LZ3HUG3H.js?v=602de535:2203
[  150647ms] [WARNING] [Vue warn]: Slot "arrowContent" invoked outside of the render function: this will not track dependencies used in the slot. Invoke the slot function inside the render function instead. 
  at <Tooltip title=null overlayClassName="ant-menu-inline-collapsed-tooltip css-dev-only-do-not-override-1p3hq3p" trigger="hover"  ... > 
  at <ATooltip title=null open=false placement="right"  ... > 
  at <AMenuItem key="dashboard" onClick=fn > 
  at <OverflowContextProvider key=0 value= {prefixCls: ant-menu-overflow-item, responsive: false, component: Object, invalidate: true, order: 0} > 
  at <ResizeObserver disabled=true onResize=fn<onOverflowResize> > 
  at <Overflow class="ant-menu ant-menu-root ant-menu-inline ant-menu-light sidebar-menu css-dev-only-do-not-override-1p3hq3p" onMousedown=undefined prefixCls="ant-menu-overflow"  ... > 
  at <AMenu selectedKeys= [memories] onUpdate:selectedKeys=fn mode="inline"  ... > 
  at <ALayoutSider collapsed=false trigger=null collapsible=""  ... > 
  at <AppSidebar collapsed=false onUpdate:collapsed=fn > 
  at <Anonymous hasSider=undefined prefixCls="ant-layout" tagName="section"  ... > 
  at <ALayout class="app-layout" > 
  at <AppLayout onVnodeUnmounted=fn<onVnodeUnmounted> ref=Ref< Proxy(Object) > > 
  at <RouterView> 
  at <App> @ http://localhost:5173/node_modules/.vite/deps/chunk-LZ3HUG3H.js?v=602de535:2203
[  150648ms] [WARNING] [Vue warn]: Slot "default" invoked outside of the render function: this will not track dependencies used in the slot. Invoke the slot function inside the render function instead. 
  at <Trigger popupClassName="ant-menu-inline-collapsed-tooltip css-dev-only-do-not-override-1p3hq3p" prefixCls="ant-tooltip" action="hover"  ... > 
  at <Tooltip title=null overlayClassName="ant-menu-inline-collapsed-tooltip css-dev-only-do-not-override-1p3hq3p" trigger="hover"  ... > 
  at <ATooltip title=null open=false placement="right"  ... > 
  at <AMenuItem key="dashboard" onClick=fn > 
  at <OverflowContextProvider key=0 value= {prefixCls: ant-menu-overflow-item, responsive: false, component: Object, invalidate: true, order: 0} > 
  at <ResizeObserver disabled=true onResize=fn<onOverflowResize> > 
  at <Overflow class="ant-menu ant-menu-root ant-menu-inline ant-menu-light sidebar-menu css-dev-only-do-not-override-1p3hq3p" onMousedown=undefined prefixCls="ant-menu-overflow"  ... > 
  at <AMenu selectedKeys= [memories] onUpdate:selectedKeys=fn mode="inline"  ... > 
  at <ALayoutSider collapsed=false trigger=null collapsible=""  ... > 
  at <AppSidebar collapsed=false onUpdate:collapsed=fn > 
  at <Anonymous hasSider=undefined prefixCls="ant-layout" tagName="section"  ... > 
  at <ALayout class="app-layout" > 
  at <AppLayout onVnodeUnmounted=fn<onVnodeUnmounted> ref=Ref< Proxy(Object) > > 
  at <RouterView> 
  at <App> @ http://localhost:5173/node_modules/.vite/deps/chunk-LZ3HUG3H.js?v=602de535:2203
[  150649ms] [WARNING] [Vue warn]: Slot "default" invoked outside of the render function: this will not track dependencies used in the slot. Invoke the slot function inside the render function instead. 
  at <OverflowContextProvider value=null > 
  at <RawItem component="li" id=undefined style= {paddingLeft: 24px}  ... > 
  at <Trigger popupClassName="ant-menu-inline-collapsed-tooltip css-dev-only-do-not-override-1p3hq3p" prefixCls="ant-tooltip" action="hover"  ... > 
  at <Tooltip title=null overlayClassName="ant-menu-inline-collapsed-tooltip css-dev-only-do-not-override-1p3hq3p" trigger="hover"  ... > 
  at <ATooltip title=null open=false placement="right"  ... > 
  at <AMenuItem key="dashboard" onClick=fn > 
  at <OverflowContextProvider key=0 value= {prefixCls: ant-menu-overflow-item, responsive: false, component: Object, invalidate: true, order: 0} > 
  at <ResizeObserver disabled=true onResize=fn<onOverflowResize> > 
  at <Overflow class="ant-menu ant-menu-root ant-menu-inline ant-menu-light sidebar-menu css-dev-only-do-not-override-1p3hq3p" onMousedown=undefined prefixCls="ant-menu-overflow"  ... > 
  at <AMenu selectedKeys= [memories] onUpdate:selectedKeys=fn mode="inline"  ... > 
  at <ALayoutSider collapsed=false trigger=null collapsible=""  ... > 
  at <AppSidebar collapsed=false onUpdate:collapsed=fn > 
  at <Anonymous hasSider=undefined prefixCls="ant-layout" tagName="section"  ... > 
  at <ALayout class="app-layout" > 
  at <AppLayout onVnodeUnmounted=fn<onVnodeUnmounted> ref=Ref< Proxy(Object) > > 
  at <RouterView> 
  at <App> @ http://localhost:5173/node_modules/.vite/deps/chunk-LZ3HUG3H.js?v=602de535:2203
[  150650ms] [WARNING] [Vue warn]: Slot "default" invoked outside of the render function: this will not track dependencies used in the slot. Invoke the slot function inside the render function instead. 
  at <Item class="ant-menu-item ant-menu-item-active" prefixCls="ant-menu-overflow-item" responsive=false  ... > 
  at <OverflowContextProvider value=null > 
  at <RawItem component="li" id=undefined style= {paddingLeft: 24px}  ... > 
  at <Trigger popupClassName="ant-menu-inline-collapsed-tooltip css-dev-only-do-not-override-1p3hq3p" prefixCls="ant-tooltip" action="hover"  ... > 
  at <Tooltip title=null overlayClassName="ant-menu-inline-collapsed-tooltip css-dev-only-do-not-override-1p3hq3p" trigger="hover"  ... > 
  at <ATooltip title=null open=false placement="right"  ... > 
  at <AMenuItem key="dashboard" onClick=fn > 
  at <OverflowContextProvider key=0 value= {prefixCls: ant-menu-overflow-item, responsive: false, component: Object, invalidate: true, order: 0} > 
  at <ResizeObserver disabled=true onResize=fn<onOverflowResize> > 
  at <Overflow class="ant-menu ant-menu-root ant-menu-inline ant-menu-light sidebar-menu css-dev-only-do-not-override-1p3hq3p" onMousedown=undefined prefixCls="ant-menu-overflow"  ... > 
  at <AMenu selectedKeys= [memories] onUpdate:selectedKeys=fn mode="inline"  ... > 
  at <ALayoutSider collapsed=false trigger=null collapsible=""  ... > 
  at <AppSidebar collapsed=false onUpdate:collapsed=fn > 
  at <Anonymous hasSider=undefined prefixCls="ant-layout" tagName="section"  ... > 
  at <ALayout class="app-layout" > 
  at <AppLayout onVnodeUnmounted=fn<onVnodeUnmounted> ref=Ref< Proxy(Object) > > 
  at <RouterView> 
  at <App> @ http://localhost:5173/node_modules/.vite/deps/chunk-LZ3HUG3H.js?v=602de535:2203
[  150650ms] [WARNING] [Vue warn]: Slot "default" invoked outside of the render function: this will not track dependencies used in the slot. Invoke the slot function inside the render function instead. 
  at <ResizeObserver disabled=true onResize=fn<onResize> class="ant-menu-item ant-menu-item-active"  ... > 
  at <Item class="ant-menu-item ant-menu-item-active" prefixCls="ant-menu-overflow-item" responsive=false  ... > 
  at <OverflowContextProvider value=null > 
  at <RawItem component="li" id=undefined style= {paddingLeft: 24px}  ... > 
  at <Trigger popupClassName="ant-menu-inline-collapsed-tooltip css-dev-only-do-not-override-1p3hq3p" prefixCls="ant-tooltip" action="hover"  ... > 
  at <Tooltip title=null overlayClassName="ant-menu-inline-collapsed-tooltip css-dev-only-do-not-override-1p3hq3p" trigger="hover"  ... > 
  at <ATooltip title=null open=false placement="right"  ... > 
  at <AMenuItem key="dashboard" onClick=fn > 
  at <OverflowContextProvider key=0 value= {prefixCls: ant-menu-overflow-item, responsive: false, component: Object, invalidate: true, order: 0} > 
  at <ResizeObserver disabled=true onResize=fn<onOverflowResize> > 
  at <Overflow class="ant-menu ant-menu-root ant-menu-inline ant-menu-light sidebar-menu css-dev-only-do-not-override-1p3hq3p" onMousedown=undefined prefixCls="ant-menu-overflow"  ... > 
  at <AMenu selectedKeys= [memories] onUpdate:selectedKeys=fn mode="inline"  ... > 
  at <ALayoutSider collapsed=false trigger=null collapsible=""  ... > 
  at <AppSidebar collapsed=false onUpdate:collapsed=fn > 
  at <Anonymous hasSider=undefined prefixCls="ant-layout" tagName="section"  ... > 
  at <ALayout class="app-layout" > 
  at <AppLayout onVnodeUnmounted=fn<onVnodeUnmounted> ref=Ref< Proxy(Object) > > 
  at <RouterView> 
  at <App> @ http://localhost:5173/node_modules/.vite/deps/chunk-LZ3HUG3H.js?v=602de535:2203
[  150679ms] [WARNING] [Vue warn]: Slot "default" invoked outside of the render function: this will not track dependencies used in the slot. Invoke the slot function inside the render function instead. 
  at <ATooltip title=null open=false placement="right"  ... > 
  at <AMenuItem key="dashboard" onClick=fn > 
  at <OverflowContextProvider key=0 value= {prefixCls: ant-menu-overflow-item, responsive: false, component: Object, invalidate: true, order: 0} > 
  at <ResizeObserver disabled=true onResize=fn<onOverflowResize> > 
  at <Overflow class="ant-menu ant-menu-root ant-menu-inline ant-menu-light sidebar-menu css-dev-only-do-not-override-1p3hq3p" onMousedown=undefined prefixCls="ant-menu-overflow"  ... > 
  at <AMenu selectedKeys= [memories] onUpdate:selectedKeys=fn mode="inline"  ... > 
  at <ALayoutSider collapsed=false trigger=null collapsible=""  ... > 
  at <AppSidebar collapsed=false onUpdate:collapsed=fn > 
  at <Anonymous hasSider=undefined prefixCls="ant-layout" tagName="section"  ... > 
  at <ALayout class="app-layout" > 
  at <AppLayout onVnodeUnmounted=fn<onVnodeUnmounted> ref=Ref< Proxy(Object) > > 
  at <RouterView> 
  at <App> @ http://localhost:5173/node_modules/.vite/deps/chunk-LZ3HUG3H.js?v=602de535:2203
[  150680ms] [WARNING] [Vue warn]: Slot "arrowContent" invoked outside of the render function: this will not track dependencies used in the slot. Invoke the slot function inside the render function instead. 
  at <Tooltip title=null overlayClassName="ant-menu-inline-collapsed-tooltip css-dev-only-do-not-override-1p3hq3p" trigger="hover"  ... > 
  at <ATooltip title=null open=false placement="right"  ... > 
  at <AMenuItem key="dashboard" onClick=fn > 
  at <OverflowContextProvider key=0 value= {prefixCls: ant-menu-overflow-item, responsive: false, component: Object, invalidate: true, order: 0} > 
  at <ResizeObserver disabled=true onResize=fn<onOverflowResize> > 
  at <Overflow class="ant-menu ant-menu-root ant-menu-inline ant-menu-light sidebar-menu css-dev-only-do-not-override-1p3hq3p" onMousedown=undefined prefixCls="ant-menu-overflow"  ... > 
  at <AMenu selectedKeys= [memories] onUpdate:selectedKeys=fn mode="inline"  ... > 
  at <ALayoutSider collapsed=false trigger=null collapsible=""  ... > 
  at <AppSidebar collapsed=false onUpdate:collapsed=fn > 
  at <Anonymous hasSider=undefined prefixCls="ant-layout" tagName="section"  ... > 
  at <ALayout class="app-layout" > 
  at <AppLayout onVnodeUnmounted=fn<onVnodeUnmounted> ref=Ref< Proxy(Object) > > 
  at <RouterView> 
  at <App> @ http://localhost:5173/node_modules/.vite/deps/chunk-LZ3HUG3H.js?v=602de535:2203
[  150681ms] [WARNING] [Vue warn]: Slot "default" invoked outside of the render function: this will not track dependencies used in the slot. Invoke the slot function inside the render function instead. 
  at <Trigger popupClassName="ant-menu-inline-collapsed-tooltip css-dev-only-do-not-override-1p3hq3p" prefixCls="ant-tooltip" action="hover"  ... > 
  at <Tooltip title=null overlayClassName="ant-menu-inline-collapsed-tooltip css-dev-only-do-not-override-1p3hq3p" trigger="hover"  ... > 
  at <ATooltip title=null open=false placement="right"  ... > 
  at <AMenuItem key="dashboard" onClick=fn > 
  at <OverflowContextProvider key=0 value= {prefixCls: ant-menu-overflow-item, responsive: false, component: Object, invalidate: true, order: 0} > 
  at <ResizeObserver disabled=true onResize=fn<onOverflowResize> > 
  at <Overflow class="ant-menu ant-menu-root ant-menu-inline ant-menu-light sidebar-menu css-dev-only-do-not-override-1p3hq3p" onMousedown=undefined prefixCls="ant-menu-overflow"  ... > 
  at <AMenu selectedKeys= [memories] onUpdate:selectedKeys=fn mode="inline"  ... > 
  at <ALayoutSider collapsed=false trigger=null collapsible=""  ... > 
  at <AppSidebar collapsed=false onUpdate:collapsed=fn > 
  at <Anonymous hasSider=undefined prefixCls="ant-layout" tagName="section"  ... > 
  at <ALayout class="app-layout" > 
  at <AppLayout onVnodeUnmounted=fn<onVnodeUnmounted> ref=Ref< Proxy(Object) > > 
  at <RouterView> 
  at <App> @ http://localhost:5173/node_modules/.vite/deps/chunk-LZ3HUG3H.js?v=602de535:2203
[  150681ms] [WARNING] [Vue warn]: Slot "default" invoked outside of the render function: this will not track dependencies used in the slot. Invoke the slot function inside the render function instead. 
  at <OverflowContextProvider value=null > 
  at <RawItem component="li" id=undefined style= {paddingLeft: 24px}  ... > 
  at <Trigger popupClassName="ant-menu-inline-collapsed-tooltip css-dev-only-do-not-override-1p3hq3p" prefixCls="ant-tooltip" action="hover"  ... > 
  at <Tooltip title=null overlayClassName="ant-menu-inline-collapsed-tooltip css-dev-only-do-not-override-1p3hq3p" trigger="hover"  ... > 
  at <ATooltip title=null open=false placement="right"  ... > 
  at <AMenuItem key="dashboard" onClick=fn > 
  at <OverflowContextProvider key=0 value= {prefixCls: ant-menu-overflow-item, responsive: false, component: Object, invalidate: true, order: 0} > 
  at <ResizeObserver disabled=true onResize=fn<onOverflowResize> > 
  at <Overflow class="ant-menu ant-menu-root ant-menu-inline ant-menu-light sidebar-menu css-dev-only-do-not-override-1p3hq3p" onMousedown=undefined prefixCls="ant-menu-overflow"  ... > 
  at <AMenu selectedKeys= [memories] onUpdate:selectedKeys=fn mode="inline"  ... > 
  at <ALayoutSider collapsed=false trigger=null collapsible=""  ... > 
  at <AppSidebar collapsed=false onUpdate:collapsed=fn > 
  at <Anonymous hasSider=undefined prefixCls="ant-layout" tagName="section"  ... > 
  at <ALayout class="app-layout" > 
  at <AppLayout onVnodeUnmounted=fn<onVnodeUnmounted> ref=Ref< Proxy(Object) > > 
  at <RouterView> 
  at <App> @ http://localhost:5173/node_modules/.vite/deps/chunk-LZ3HUG3H.js?v=602de535:2203
[  150683ms] [WARNING] [Vue warn]: Slot "default" invoked outside of the render function: this will not track dependencies used in the slot. Invoke the slot function inside the render function instead. 
  at <Item class="ant-menu-item" prefixCls="ant-menu-overflow-item" responsive=false  ... > 
  at <OverflowContextProvider value=null > 
  at <RawItem component="li" id=undefined style= {paddingLeft: 24px}  ... > 
  at <Trigger popupClassName="ant-menu-inline-collapsed-tooltip css-dev-only-do-not-override-1p3hq3p" prefixCls="ant-tooltip" action="hover"  ... > 
  at <Tooltip title=null overlayClassName="ant-menu-inline-collapsed-tooltip css-dev-only-do-not-override-1p3hq3p" trigger="hover"  ... > 
  at <ATooltip title=null open=false placement="right"  ... > 
  at <AMenuItem key="dashboard" onClick=fn > 
  at <OverflowContextProvider key=0 value= {prefixCls: ant-menu-overflow-item, responsive: false, component: Object, invalidate: true, order: 0} > 
  at <ResizeObserver disabled=true onResize=fn<onOverflowResize> > 
  at <Overflow class="ant-menu ant-menu-root ant-menu-inline ant-menu-light sidebar-menu css-dev-only-do-not-override-1p3hq3p" onMousedown=undefined prefixCls="ant-menu-overflow"  ... > 
  at <AMenu selectedKeys= [memories] onUpdate:selectedKeys=fn mode="inline"  ... > 
  at <ALayoutSider collapsed=false trigger=null collapsible=""  ... > 
  at <AppSidebar collapsed=false onUpdate:collapsed=fn > 
  at <Anonymous hasSider=undefined prefixCls="ant-layout" tagName="section"  ... > 
  at <ALayout class="app-layout" > 
  at <AppLayout onVnodeUnmounted=fn<onVnodeUnmounted> ref=Ref< Proxy(Object) > > 
  at <RouterView> 
  at <App> @ http://localhost:5173/node_modules/.vite/deps/chunk-LZ3HUG3H.js?v=602de535:2203
[  150684ms] [WARNING] [Vue warn]: Slot "default" invoked outside of the render function: this will not track dependencies used in the slot. Invoke the slot function inside the render function instead. 
  at <ResizeObserver disabled=true onResize=fn<onResize> class="ant-menu-item"  ... > 
  at <Item class="ant-menu-item" prefixCls="ant-menu-overflow-item" responsive=false  ... > 
  at <OverflowContextProvider value=null > 
  at <RawItem component="li" id=undefined style= {paddingLeft: 24px}  ... > 
  at <Trigger popupClassName="ant-menu-inline-collapsed-tooltip css-dev-only-do-not-override-1p3hq3p" prefixCls="ant-tooltip" action="hover"  ... > 
  at <Tooltip title=null overlayClassName="ant-menu-inline-collapsed-tooltip css-dev-only-do-not-override-1p3hq3p" trigger="hover"  ... > 
  at <ATooltip title=null open=false placement="right"  ... > 
  at <AMenuItem key="dashboard" onClick=fn > 
  at <OverflowContextProvider key=0 value= {prefixCls: ant-menu-overflow-item, responsive: false, component: Object, invalidate: true, order: 0} > 
  at <ResizeObserver disabled=true onResize=fn<onOverflowResize> > 
  at <Overflow class="ant-menu ant-menu-root ant-menu-inline ant-menu-light sidebar-menu css-dev-only-do-not-override-1p3hq3p" onMousedown=undefined prefixCls="ant-menu-overflow"  ... > 
  at <AMenu selectedKeys= [memories] onUpdate:selectedKeys=fn mode="inline"  ... > 
  at <ALayoutSider collapsed=false trigger=null collapsible=""  ... > 
  at <AppSidebar collapsed=false onUpdate:collapsed=fn > 
  at <Anonymous hasSider=undefined prefixCls="ant-layout" tagName="section"  ... > 
  at <ALayout class="app-layout" > 
  at <AppLayout onVnodeUnmounted=fn<onVnodeUnmounted> ref=Ref< Proxy(Object) > > 
  at <RouterView> 
  at <App> @ http://localhost:5173/node_modules/.vite/deps/chunk-LZ3HUG3H.js?v=602de535:2203
[  150697ms] [WARNING] [Vue warn]: Slot "default" invoked outside of the render function: this will not track dependencies used in the slot. Invoke the slot function inside the render function instead. 
  at <ATooltip title=null open=false placement="right"  ... > 
  at <AMenuItem key="memories" onClick=fn > 
  at <OverflowContextProvider key=1 value= {prefixCls: ant-menu-overflow-item, responsive: false, component: Object, invalidate: true, order: 1} > 
  at <ResizeObserver disabled=true onResize=fn<onOverflowResize> > 
  at <Overflow class="ant-menu ant-menu-root ant-menu-inline ant-menu-light sidebar-menu css-dev-only-do-not-override-1p3hq3p" onMousedown=undefined prefixCls="ant-menu-overflow"  ... > 
  at <AMenu selectedKeys= [memories] onUpdate:selectedKeys=fn mode="inline"  ... > 
  at <ALayoutSider collapsed=false trigger=null collapsible=""  ... > 
  at <AppSidebar collapsed=false onUpdate:collapsed=fn > 
  at <Anonymous hasSider=undefined prefixCls="ant-layout" tagName="section"  ... > 
  at <ALayout class="app-layout" > 
  at <AppLayout onVnodeUnmounted=fn<onVnodeUnmounted> ref=Ref< Proxy(Object) > > 
  at <RouterView> 
  at <App> @ http://localhost:5173/node_modules/.vite/deps/chunk-LZ3HUG3H.js?v=602de535:2203
[  150698ms] [WARNING] [Vue warn]: Slot "arrowContent" invoked outside of the render function: this will not track dependencies used in the slot. Invoke the slot function inside the render function instead. 
  at <Tooltip title=null overlayClassName="ant-menu-inline-collapsed-tooltip css-dev-only-do-not-override-1p3hq3p" trigger="hover"  ... > 
  at <ATooltip title=null open=false placement="right"  ... > 
  at <AMenuItem key="memories" onClick=fn > 
  at <OverflowContextProvider key=1 value= {prefixCls: ant-menu-overflow-item, responsive: false, component: Object, invalidate: true, order: 1} > 
  at <ResizeObserver disabled=true onResize=fn<onOverflowResize> > 
  at <Overflow class="ant-menu ant-menu-root ant-menu-inline ant-menu-light sidebar-menu css-dev-only-do-not-override-1p3hq3p" onMousedown=undefined prefixCls="ant-menu-overflow"  ... > 
  at <AMenu selectedKeys= [memories] onUpdate:selectedKeys=fn mode="inline"  ... > 
  at <ALayoutSider collapsed=false trigger=null collapsible=""  ... > 
  at <AppSidebar collapsed=false onUpdate:collapsed=fn > 
  at <Anonymous hasSider=undefined prefixCls="ant-layout" tagName="section"  ... > 
  at <ALayout class="app-layout" > 
  at <AppLayout onVnodeUnmounted=fn<onVnodeUnmounted> ref=Ref< Proxy(Object) > > 
  at <RouterView> 
  at <App> @ http://localhost:5173/node_modules/.vite/deps/chunk-LZ3HUG3H.js?v=602de535:2203
[  150699ms] [WARNING] [Vue warn]: Slot "default" invoked outside of the render function: this will not track dependencies used in the slot. Invoke the slot function inside the render function instead. 
  at <Trigger popupClassName="ant-menu-inline-collapsed-tooltip css-dev-only-do-not-override-1p3hq3p" prefixCls="ant-tooltip" action="hover"  ... > 
  at <Tooltip title=null overlayClassName="ant-menu-inline-collapsed-tooltip css-dev-only-do-not-override-1p3hq3p" trigger="hover"  ... > 
  at <ATooltip title=null open=false placement="right"  ... > 
  at <AMenuItem key="memories" onClick=fn > 
  at <OverflowContextProvider key=1 value= {prefixCls: ant-menu-overflow-item, responsive: false, component: Object, invalidate: true, order: 1} > 
  at <ResizeObserver disabled=true onResize=fn<onOverflowResize> > 
  at <Overflow class="ant-menu ant-menu-root ant-menu-inline ant-menu-light sidebar-menu css-dev-only-do-not-override-1p3hq3p" onMousedown=undefined prefixCls="ant-menu-overflow"  ... > 
  at <AMenu selectedKeys= [memories] onUpdate:selectedKeys=fn mode="inline"  ... > 
  at <ALayoutSider collapsed=false trigger=null collapsible=""  ... > 
  at <AppSidebar collapsed=false onUpdate:collapsed=fn > 
  at <Anonymous hasSider=undefined prefixCls="ant-layout" tagName="section"  ... > 
  at <ALayout class="app-layout" > 
  at <AppLayout onVnodeUnmounted=fn<onVnodeUnmounted> ref=Ref< Proxy(Object) > > 
  at <RouterView> 
  at <App> @ http://localhost:5173/node_modules/.vite/deps/chunk-LZ3HUG3H.js?v=602de535:2203
[  150700ms] [WARNING] [Vue warn]: Slot "default" invoked outside of the render function: this will not track dependencies used in the slot. Invoke the slot function inside the render function instead. 
  at <OverflowContextProvider value=null > 
  at <RawItem component="li" id=undefined style= {paddingLeft: 24px}  ... > 
  at <Trigger popupClassName="ant-menu-inline-collapsed-tooltip css-dev-only-do-not-override-1p3hq3p" prefixCls="ant-tooltip" action="hover"  ... > 
  at <Tooltip title=null overlayClassName="ant-menu-inline-collapsed-tooltip css-dev-only-do-not-override-1p3hq3p" trigger="hover"  ... > 
  at <ATooltip title=null open=false placement="right"  ... > 
  at <AMenuItem key="memories" onClick=fn > 
  at <OverflowContextProvider key=1 value= {prefixCls: ant-menu-overflow-item, responsive: false, component: Object, invalidate: true, order: 1} > 
  at <ResizeObserver disabled=true onResize=fn<onOverflowResize> > 
  at <Overflow class="ant-menu ant-menu-root ant-menu-inline ant-menu-light sidebar-menu css-dev-only-do-not-override-1p3hq3p" onMousedown=undefined prefixCls="ant-menu-overflow"  ... > 
  at <AMenu selectedKeys= [memories] onUpdate:selectedKeys=fn mode="inline"  ... > 
  at <ALayoutSider collapsed=false trigger=null collapsible=""  ... > 
  at <AppSidebar collapsed=false onUpdate:collapsed=fn > 
  at <Anonymous hasSider=undefined prefixCls="ant-layout" tagName="section"  ... > 
  at <ALayout class="app-layout" > 
  at <AppLayout onVnodeUnmounted=fn<onVnodeUnmounted> ref=Ref< Proxy(Object) > > 
  at <RouterView> 
  at <App> @ http://localhost:5173/node_modules/.vite/deps/chunk-LZ3HUG3H.js?v=602de535:2203
[  150701ms] [WARNING] [Vue warn]: Slot "default" invoked outside of the render function: this will not track dependencies used in the slot. Invoke the slot function inside the render function instead. 
  at <Item class="ant-menu-item ant-menu-item-active ant-menu-item-selected" prefixCls="ant-menu-overflow-item" responsive=false  ... > 
  at <OverflowContextProvider value=null > 
  at <RawItem component="li" id=undefined style= {paddingLeft: 24px}  ... > 
  at <Trigger popupClassName="ant-menu-inline-collapsed-tooltip css-dev-only-do-not-override-1p3hq3p" prefixCls="ant-tooltip" action="hover"  ... > 
  at <Tooltip title=null overlayClassName="ant-menu-inline-collapsed-tooltip css-dev-only-do-not-override-1p3hq3p" trigger="hover"  ... > 
  at <ATooltip title=null open=false placement="right"  ... > 
  at <AMenuItem key="memories" onClick=fn > 
  at <OverflowContextProvider key=1 value= {prefixCls: ant-menu-overflow-item, responsive: false, component: Object, invalidate: true, order: 1} > 
  at <ResizeObserver disabled=true onResize=fn<onOverflowResize> > 
  at <Overflow class="ant-menu ant-menu-root ant-menu-inline ant-menu-light sidebar-menu css-dev-only-do-not-override-1p3hq3p" onMousedown=undefined prefixCls="ant-menu-overflow"  ... > 
  at <AMenu selectedKeys= [memories] onUpdate:selectedKeys=fn mode="inline"  ... > 
  at <ALayoutSider collapsed=false trigger=null collapsible=""  ... > 
  at <AppSidebar collapsed=false onUpdate:collapsed=fn > 
  at <Anonymous hasSider=undefined prefixCls="ant-layout" tagName="section"  ... > 
  at <ALayout class="app-layout" > 
  at <AppLayout onVnodeUnmounted=fn<onVnodeUnmounted> ref=Ref< Proxy(Object) > > 
  at <RouterView> 
  at <App> @ http://localhost:5173/node_modules/.vite/deps/chunk-LZ3HUG3H.js?v=602de535:2203
[  150701ms] [WARNING] [Vue warn]: Slot "default" invoked outside of the render function: this will not track dependencies used in the slot. Invoke the slot function inside the render function instead. 
  at <ResizeObserver disabled=true onResize=fn<onResize> class="ant-menu-item ant-menu-item-active ant-menu-item-selected"  ... > 
  at <Item class="ant-menu-item ant-menu-item-active ant-menu-item-selected" prefixCls="ant-menu-overflow-item" responsive=false  ... > 
  at <OverflowContextProvider value=null > 
  at <RawItem component="li" id=undefined style= {paddingLeft: 24px}  ... > 
  at <Trigger popupClassName="ant-menu-inline-collapsed-tooltip css-dev-only-do-not-override-1p3hq3p" prefixCls="ant-tooltip" action="hover"  ... > 
  at <Tooltip title=null overlayClassName="ant-menu-inline-collapsed-tooltip css-dev-only-do-not-override-1p3hq3p" trigger="hover"  ... > 
  at <ATooltip title=null open=false placement="right"  ... > 
  at <AMenuItem key="memories" onClick=fn > 
  at <OverflowContextProvider key=1 value= {prefixCls: ant-menu-overflow-item, responsive: false, component: Object, invalidate: true, order: 1} > 
  at <ResizeObserver disabled=true onResize=fn<onOverflowResize> > 
  at <Overflow class="ant-menu ant-menu-root ant-menu-inline ant-menu-light sidebar-menu css-dev-only-do-not-override-1p3hq3p" onMousedown=undefined prefixCls="ant-menu-overflow"  ... > 
  at <AMenu selectedKeys= [memories] onUpdate:selectedKeys=fn mode="inline"  ... > 
  at <ALayoutSider collapsed=false trigger=null collapsible=""  ... > 
  at <AppSidebar collapsed=false onUpdate:collapsed=fn > 
  at <Anonymous hasSider=undefined prefixCls="ant-layout" tagName="section"  ... > 
  at <ALayout class="app-layout" > 
  at <AppLayout onVnodeUnmounted=fn<onVnodeUnmounted> ref=Ref< Proxy(Object) > > 
  at <RouterView> 
  at <App> @ http://localhost:5173/node_modules/.vite/deps/chunk-LZ3HUG3H.js?v=602de535:2203
[  151562ms] [WARNING] [Vue warn]: Slot "default" invoked outside of the render function: this will not track dependencies used in the slot. Invoke the slot function inside the render function instead. 
  at <ATooltip title=null open=false placement="right"  ... > 
  at <AMenuItem key="memories" onClick=fn > 
  at <OverflowContextProvider key=1 value= {prefixCls: ant-menu-overflow-item, responsive: false, component: Object, invalidate: true, order: 1} > 
  at <ResizeObserver disabled=true onResize=fn<onOverflowResize> > 
  at <Overflow class="ant-menu ant-menu-root ant-menu-inline ant-menu-light sidebar-menu css-dev-only-do-not-override-1p3hq3p" onMousedown=undefined prefixCls="ant-menu-overflow"  ... > 
  at <AMenu selectedKeys= [memories] onUpdate:selectedKeys=fn mode="inline"  ... > 
  at <ALayoutSider collapsed=false trigger=null collapsible=""  ... > 
  at <AppSidebar collapsed=false onUpdate:collapsed=fn > 
  at <Anonymous hasSider=undefined prefixCls="ant-layout" tagName="section"  ... > 
  at <ALayout class="app-layout" > 
  at <AppLayout onVnodeUnmounted=fn<onVnodeUnmounted> ref=Ref< Proxy(Object) > > 
  at <RouterView> 
  at <App> @ http://localhost:5173/node_modules/.vite/deps/chunk-LZ3HUG3H.js?v=602de535:2203
[  151562ms] [WARNING] [Vue warn]: Slot "arrowContent" invoked outside of the render function: this will not track dependencies used in the slot. Invoke the slot function inside the render function instead. 
  at <Tooltip title=null overlayClassName="ant-menu-inline-collapsed-tooltip css-dev-only-do-not-override-1p3hq3p" trigger="hover"  ... > 
  at <ATooltip title=null open=false placement="right"  ... > 
  at <AMenuItem key="memories" onClick=fn > 
  at <OverflowContextProvider key=1 value= {prefixCls: ant-menu-overflow-item, responsive: false, component: Object, invalidate: true, order: 1} > 
  at <ResizeObserver disabled=true onResize=fn<onOverflowResize> > 
  at <Overflow class="ant-menu ant-menu-root ant-menu-inline ant-menu-light sidebar-menu css-dev-only-do-not-override-1p3hq3p" onMousedown=undefined prefixCls="ant-menu-overflow"  ... > 
  at <AMenu selectedKeys= [memories] onUpdate:selectedKeys=fn mode="inline"  ... > 
  at <ALayoutSider collapsed=false trigger=null collapsible=""  ... > 
  at <AppSidebar collapsed=false onUpdate:collapsed=fn > 
  at <Anonymous hasSider=undefined prefixCls="ant-layout" tagName="section"  ... > 
  at <ALayout class="app-layout" > 
  at <AppLayout onVnodeUnmounted=fn<onVnodeUnmounted> ref=Ref< Proxy(Object) > > 
  at <RouterView> 
  at <App> @ http://localhost:5173/node_modules/.vite/deps/chunk-LZ3HUG3H.js?v=602de535:2203
[  151563ms] [WARNING] [Vue warn]: Slot "default" invoked outside of the render function: this will not track dependencies used in the slot. Invoke the slot function inside the render function instead. 
  at <Trigger popupClassName="ant-menu-inline-collapsed-tooltip css-dev-only-do-not-override-1p3hq3p" prefixCls="ant-tooltip" action="hover"  ... > 
  at <Tooltip title=null overlayClassName="ant-menu-inline-collapsed-tooltip css-dev-only-do-not-override-1p3hq3p" trigger="hover"  ... > 
  at <ATooltip title=null open=false placement="right"  ... > 
  at <AMenuItem key="memories" onClick=fn > 
  at <OverflowContextProvider key=1 value= {prefixCls: ant-menu-overflow-item, responsive: false, component: Object, invalidate: true, order: 1} > 
  at <ResizeObserver disabled=true onResize=fn<onOverflowResize> > 
  at <Overflow class="ant-menu ant-menu-root ant-menu-inline ant-menu-light sidebar-menu css-dev-only-do-not-override-1p3hq3p" onMousedown=undefined prefixCls="ant-menu-overflow"  ... > 
  at <AMenu selectedKeys= [memories] onUpdate:selectedKeys=fn mode="inline"  ... > 
  at <ALayoutSider collapsed=false trigger=null collapsible=""  ... > 
  at <AppSidebar collapsed=false onUpdate:collapsed=fn > 
  at <Anonymous hasSider=undefined prefixCls="ant-layout" tagName="section"  ... > 
  at <ALayout class="app-layout" > 
  at <AppLayout onVnodeUnmounted=fn<onVnodeUnmounted> ref=Ref< Proxy(Object) > > 
  at <RouterView> 
  at <App> @ http://localhost:5173/node_modules/.vite/deps/chunk-LZ3HUG3H.js?v=602de535:2203
[  151563ms] [WARNING] [Vue warn]: Slot "default" invoked outside of the render function: this will not track dependencies used in the slot. Invoke the slot function inside the render function instead. 
  at <OverflowContextProvider value=null > 
  at <RawItem component="li" id=undefined style= {paddingLeft: 24px}  ... > 
  at <Trigger popupClassName="ant-menu-inline-collapsed-tooltip css-dev-only-do-not-override-1p3hq3p" prefixCls="ant-tooltip" action="hover"  ... > 
  at <Tooltip title=null overlayClassName="ant-menu-inline-collapsed-tooltip css-dev-only-do-not-override-1p3hq3p" trigger="hover"  ... > 
  at <ATooltip title=null open=false placement="right"  ... > 
  at <AMenuItem key="memories" onClick=fn > 
  at <OverflowContextProvider key=1 value= {prefixCls: ant-menu-overflow-item, responsive: false, component: Object, invalidate: true, order: 1} > 
  at <ResizeObserver disabled=true onResize=fn<onOverflowResize> > 
  at <Overflow class="ant-menu ant-menu-root ant-menu-inline ant-menu-light sidebar-menu css-dev-only-do-not-override-1p3hq3p" onMousedown=undefined prefixCls="ant-menu-overflow"  ... > 
  at <AMenu selectedKeys= [memories] onUpdate:selectedKeys=fn mode="inline"  ... > 
  at <ALayoutSider collapsed=false trigger=null collapsible=""  ... > 
  at <AppSidebar collapsed=false onUpdate:collapsed=fn > 
  at <Anonymous hasSider=undefined prefixCls="ant-layout" tagName="section"  ... > 
  at <ALayout class="app-layout" > 
  at <AppLayout onVnodeUnmounted=fn<onVnodeUnmounted> ref=Ref< Proxy(Object) > > 
  at <RouterView> 
  at <App> @ http://localhost:5173/node_modules/.vite/deps/chunk-LZ3HUG3H.js?v=602de535:2203
[  151564ms] [WARNING] [Vue warn]: Slot "default" invoked outside of the render function: this will not track dependencies used in the slot. Invoke the slot function inside the render function instead. 
  at <Item class="ant-menu-item ant-menu-item-selected" prefixCls="ant-menu-overflow-item" responsive=false  ... > 
  at <OverflowContextProvider value=null > 
  at <RawItem component="li" id=undefined style= {paddingLeft: 24px}  ... > 
  at <Trigger popupClassName="ant-menu-inline-collapsed-tooltip css-dev-only-do-not-override-1p3hq3p" prefixCls="ant-tooltip" action="hover"  ... > 
  at <Tooltip title=null overlayClassName="ant-menu-inline-collapsed-tooltip css-dev-only-do-not-override-1p3hq3p" trigger="hover"  ... > 
  at <ATooltip title=null open=false placement="right"  ... > 
  at <AMenuItem key="memories" onClick=fn > 
  at <OverflowContextProvider key=1 value= {prefixCls: ant-menu-overflow-item, responsive: false, component: Object, invalidate: true, order: 1} > 
  at <ResizeObserver disabled=true onResize=fn<onOverflowResize> > 
  at <Overflow class="ant-menu ant-menu-root ant-menu-inline ant-menu-light sidebar-menu css-dev-only-do-not-override-1p3hq3p" onMousedown=undefined prefixCls="ant-menu-overflow"  ... > 
  at <AMenu selectedKeys= [memories] onUpdate:selectedKeys=fn mode="inline"  ... > 
  at <ALayoutSider collapsed=false trigger=null collapsible=""  ... > 
  at <AppSidebar collapsed=false onUpdate:collapsed=fn > 
  at <Anonymous hasSider=undefined prefixCls="ant-layout" tagName="section"  ... > 
  at <ALayout class="app-layout" > 
  at <AppLayout onVnodeUnmounted=fn<onVnodeUnmounted> ref=Ref< Proxy(Object) > > 
  at <RouterView> 
  at <App> @ http://localhost:5173/node_modules/.vite/deps/chunk-LZ3HUG3H.js?v=602de535:2203
[  151565ms] [WARNING] [Vue warn]: Slot "default" invoked outside of the render function: this will not track dependencies used in the slot. Invoke the slot function inside the render function instead. 
  at <ResizeObserver disabled=true onResize=fn<onResize> class="ant-menu-item ant-menu-item-selected"  ... > 
  at <Item class="ant-menu-item ant-menu-item-selected" prefixCls="ant-menu-overflow-item" responsive=false  ... > 
  at <OverflowContextProvider value=null > 
  at <RawItem component="li" id=undefined style= {paddingLeft: 24px}  ... > 
  at <Trigger popupClassName="ant-menu-inline-collapsed-tooltip css-dev-only-do-not-override-1p3hq3p" prefixCls="ant-tooltip" action="hover"  ... > 
  at <Tooltip title=null overlayClassName="ant-menu-inline-collapsed-tooltip css-dev-only-do-not-override-1p3hq3p" trigger="hover"  ... > 
  at <ATooltip title=null open=false placement="right"  ... > 
  at <AMenuItem key="memories" onClick=fn > 
  at <OverflowContextProvider key=1 value= {prefixCls: ant-menu-overflow-item, responsive: false, component: Object, invalidate: true, order: 1} > 
  at <ResizeObserver disabled=true onResize=fn<onOverflowResize> > 
  at <Overflow class="ant-menu ant-menu-root ant-menu-inline ant-menu-light sidebar-menu css-dev-only-do-not-override-1p3hq3p" onMousedown=undefined prefixCls="ant-menu-overflow"  ... > 
  at <AMenu selectedKeys= [memories] onUpdate:selectedKeys=fn mode="inline"  ... > 
  at <ALayoutSider collapsed=false trigger=null collapsible=""  ... > 
  at <AppSidebar collapsed=false onUpdate:collapsed=fn > 
  at <Anonymous hasSider=undefined prefixCls="ant-layout" tagName="section"  ... > 
  at <ALayout class="app-layout" > 
  at <AppLayout onVnodeUnmounted=fn<onVnodeUnmounted> ref=Ref< Proxy(Object) > > 
  at <RouterView> 
  at <App> @ http://localhost:5173/node_modules/.vite/deps/chunk-LZ3HUG3H.js?v=602de535:2203
[  151579ms] [WARNING] [Vue warn]: Slot "default" invoked outside of the render function: this will not track dependencies used in the slot. Invoke the slot function inside the render function instead. 
  at <ATooltip title=null open=false placement="right"  ... > 
  at <AMenuItem key="dashboard" onClick=fn > 
  at <OverflowContextProvider key=0 value= {prefixCls: ant-menu-overflow-item, responsive: false, component: Object, invalidate: true, order: 0} > 
  at <ResizeObserver disabled=true onResize=fn<onOverflowResize> > 
  at <Overflow class="ant-menu ant-menu-root ant-menu-inline ant-menu-light sidebar-menu css-dev-only-do-not-override-1p3hq3p" onMousedown=undefined prefixCls="ant-menu-overflow"  ... > 
  at <AMenu selectedKeys= [memories] onUpdate:selectedKeys=fn mode="inline"  ... > 
  at <ALayoutSider collapsed=false trigger=null collapsible=""  ... > 
  at <AppSidebar collapsed=false onUpdate:collapsed=fn > 
  at <Anonymous hasSider=undefined prefixCls="ant-layout" tagName="section"  ... > 
  at <ALayout class="app-layout" > 
  at <AppLayout onVnodeUnmounted=fn<onVnodeUnmounted> ref=Ref< Proxy(Object) > > 
  at <RouterView> 
  at <App> @ http://localhost:5173/node_modules/.vite/deps/chunk-LZ3HUG3H.js?v=602de535:2203
[  151581ms] [WARNING] [Vue warn]: Slot "arrowContent" invoked outside of the render function: this will not track dependencies used in the slot. Invoke the slot function inside the render function instead. 
  at <Tooltip title=null overlayClassName="ant-menu-inline-collapsed-tooltip css-dev-only-do-not-override-1p3hq3p" trigger="hover"  ... > 
  at <ATooltip title=null open=false placement="right"  ... > 
  at <AMenuItem key="dashboard" onClick=fn > 
  at <OverflowContextProvider key=0 value= {prefixCls: ant-menu-overflow-item, responsive: false, component: Object, invalidate: true, order: 0} > 
  at <ResizeObserver disabled=true onResize=fn<onOverflowResize> > 
  at <Overflow class="ant-menu ant-menu-root ant-menu-inline ant-menu-light sidebar-menu css-dev-only-do-not-override-1p3hq3p" onMousedown=undefined prefixCls="ant-menu-overflow"  ... > 
  at <AMenu selectedKeys= [memories] onUpdate:selectedKeys=fn mode="inline"  ... > 
  at <ALayoutSider collapsed=false trigger=null collapsible=""  ... > 
  at <AppSidebar collapsed=false onUpdate:collapsed=fn > 
  at <Anonymous hasSider=undefined prefixCls="ant-layout" tagName="section"  ... > 
  at <ALayout class="app-layout" > 
  at <AppLayout onVnodeUnmounted=fn<onVnodeUnmounted> ref=Ref< Proxy(Object) > > 
  at <RouterView> 
  at <App> @ http://localhost:5173/node_modules/.vite/deps/chunk-LZ3HUG3H.js?v=602de535:2203
[  151582ms] [WARNING] [Vue warn]: Slot "default" invoked outside of the render function: this will not track dependencies used in the slot. Invoke the slot function inside the render function instead. 
  at <Trigger popupClassName="ant-menu-inline-collapsed-tooltip css-dev-only-do-not-override-1p3hq3p" prefixCls="ant-tooltip" action="hover"  ... > 
  at <Tooltip title=null overlayClassName="ant-menu-inline-collapsed-tooltip css-dev-only-do-not-override-1p3hq3p" trigger="hover"  ... > 
  at <ATooltip title=null open=false placement="right"  ... > 
  at <AMenuItem key="dashboard" onClick=fn > 
  at <OverflowContextProvider key=0 value= {prefixCls: ant-menu-overflow-item, responsive: false, component: Object, invalidate: true, order: 0} > 
  at <ResizeObserver disabled=true onResize=fn<onOverflowResize> > 
  at <Overflow class="ant-menu ant-menu-root ant-menu-inline ant-menu-light sidebar-menu css-dev-only-do-not-override-1p3hq3p" onMousedown=undefined prefixCls="ant-menu-overflow"  ... > 
  at <AMenu selectedKeys= [memories] onUpdate:selectedKeys=fn mode="inline"  ... > 
  at <ALayoutSider collapsed=false trigger=null collapsible=""  ... > 
  at <AppSidebar collapsed=false onUpdate:collapsed=fn > 
  at <Anonymous hasSider=undefined prefixCls="ant-layout" tagName="section"  ... > 
  at <ALayout class="app-layout" > 
  at <AppLayout onVnodeUnmounted=fn<onVnodeUnmounted> ref=Ref< Proxy(Object) > > 
  at <RouterView> 
  at <App> @ http://localhost:5173/node_modules/.vite/deps/chunk-LZ3HUG3H.js?v=602de535:2203
[  151583ms] [WARNING] [Vue warn]: Slot "default" invoked outside of the render function: this will not track dependencies used in the slot. Invoke the slot function inside the render function instead. 
  at <OverflowContextProvider value=null > 
  at <RawItem component="li" id=undefined style= {paddingLeft: 24px}  ... > 
  at <Trigger popupClassName="ant-menu-inline-collapsed-tooltip css-dev-only-do-not-override-1p3hq3p" prefixCls="ant-tooltip" action="hover"  ... > 
  at <Tooltip title=null overlayClassName="ant-menu-inline-collapsed-tooltip css-dev-only-do-not-override-1p3hq3p" trigger="hover"  ... > 
  at <ATooltip title=null open=false placement="right"  ... > 
  at <AMenuItem key="dashboard" onClick=fn > 
  at <OverflowContextProvider key=0 value= {prefixCls: ant-menu-overflow-item, responsive: false, component: Object, invalidate: true, order: 0} > 
  at <ResizeObserver disabled=true onResize=fn<onOverflowResize> > 
  at <Overflow class="ant-menu ant-menu-root ant-menu-inline ant-menu-light sidebar-menu css-dev-only-do-not-override-1p3hq3p" onMousedown=undefined prefixCls="ant-menu-overflow"  ... > 
  at <AMenu selectedKeys= [memories] onUpdate:selectedKeys=fn mode="inline"  ... > 
  at <ALayoutSider collapsed=false trigger=null collapsible=""  ... > 
  at <AppSidebar collapsed=false onUpdate:collapsed=fn > 
  at <Anonymous hasSider=undefined prefixCls="ant-layout" tagName="section"  ... > 
  at <ALayout class="app-layout" > 
  at <AppLayout onVnodeUnmounted=fn<onVnodeUnmounted> ref=Ref< Proxy(Object) > > 
  at <RouterView> 
  at <App> @ http://localhost:5173/node_modules/.vite/deps/chunk-LZ3HUG3H.js?v=602de535:2203
[  151584ms] [WARNING] [Vue warn]: Slot "default" invoked outside of the render function: this will not track dependencies used in the slot. Invoke the slot function inside the render function instead. 
  at <Item class="ant-menu-item ant-menu-item-active" prefixCls="ant-menu-overflow-item" responsive=false  ... > 
  at <OverflowContextProvider value=null > 
  at <RawItem component="li" id=undefined style= {paddingLeft: 24px}  ... > 
  at <Trigger popupClassName="ant-menu-inline-collapsed-tooltip css-dev-only-do-not-override-1p3hq3p" prefixCls="ant-tooltip" action="hover"  ... > 
  at <Tooltip title=null overlayClassName="ant-menu-inline-collapsed-tooltip css-dev-only-do-not-override-1p3hq3p" trigger="hover"  ... > 
  at <ATooltip title=null open=false placement="right"  ... > 
  at <AMenuItem key="dashboard" onClick=fn > 
  at <OverflowContextProvider key=0 value= {prefixCls: ant-menu-overflow-item, responsive: false, component: Object, invalidate: true, order: 0} > 
  at <ResizeObserver disabled=true onResize=fn<onOverflowResize> > 
  at <Overflow class="ant-menu ant-menu-root ant-menu-inline ant-menu-light sidebar-menu css-dev-only-do-not-override-1p3hq3p" onMousedown=undefined prefixCls="ant-menu-overflow"  ... > 
  at <AMenu selectedKeys= [memories] onUpdate:selectedKeys=fn mode="inline"  ... > 
  at <ALayoutSider collapsed=false trigger=null collapsible=""  ... > 
  at <AppSidebar collapsed=false onUpdate:collapsed=fn > 
  at <Anonymous hasSider=undefined prefixCls="ant-layout" tagName="section"  ... > 
  at <ALayout class="app-layout" > 
  at <AppLayout onVnodeUnmounted=fn<onVnodeUnmounted> ref=Ref< Proxy(Object) > > 
  at <RouterView> 
  at <App> @ http://localhost:5173/node_modules/.vite/deps/chunk-LZ3HUG3H.js?v=602de535:2203
[  151584ms] [WARNING] [Vue warn]: Slot "default" invoked outside of the render function: this will not track dependencies used in the slot. Invoke the slot function inside the render function instead. 
  at <ResizeObserver disabled=true onResize=fn<onResize> class="ant-menu-item ant-menu-item-active"  ... > 
  at <Item class="ant-menu-item ant-menu-item-active" prefixCls="ant-menu-overflow-item" responsive=false  ... > 
  at <OverflowContextProvider value=null > 
  at <RawItem component="li" id=undefined style= {paddingLeft: 24px}  ... > 
  at <Trigger popupClassName="ant-menu-inline-collapsed-tooltip css-dev-only-do-not-override-1p3hq3p" prefixCls="ant-tooltip" action="hover"  ... > 
  at <Tooltip title=null overlayClassName="ant-menu-inline-collapsed-tooltip css-dev-only-do-not-override-1p3hq3p" trigger="hover"  ... > 
  at <ATooltip title=null open=false placement="right"  ... > 
  at <AMenuItem key="dashboard" onClick=fn > 
  at <OverflowContextProvider key=0 value= {prefixCls: ant-menu-overflow-item, responsive: false, component: Object, invalidate: true, order: 0} > 
  at <ResizeObserver disabled=true onResize=fn<onOverflowResize> > 
  at <Overflow class="ant-menu ant-menu-root ant-menu-inline ant-menu-light sidebar-menu css-dev-only-do-not-override-1p3hq3p" onMousedown=undefined prefixCls="ant-menu-overflow"  ... > 
  at <AMenu selectedKeys= [memories] onUpdate:selectedKeys=fn mode="inline"  ... > 
  at <ALayoutSider collapsed=false trigger=null collapsible=""  ... > 
  at <AppSidebar collapsed=false onUpdate:collapsed=fn > 
  at <Anonymous hasSider=undefined prefixCls="ant-layout" tagName="section"  ... > 
  at <ALayout class="app-layout" > 
  at <AppLayout onVnodeUnmounted=fn<onVnodeUnmounted> ref=Ref< Proxy(Object) > > 
  at <RouterView> 
  at <App> @ http://localhost:5173/node_modules/.vite/deps/chunk-LZ3HUG3H.js?v=602de535:2203
[  152662ms] [WARNING] [Vue warn]: Slot "default" invoked outside of the render function: this will not track dependencies used in the slot. Invoke the slot function inside the render function instead. 
  at <ATooltip title=null open=false placement="right"  ... > 
  at <AMenuItem key="dashboard" onClick=fn > 
  at <OverflowContextProvider key=0 value= {prefixCls: ant-menu-overflow-item, responsive: false, component: Object, invalidate: true, order: 0} > 
  at <ResizeObserver disabled=true onResize=fn<onOverflowResize> > 
  at <Overflow class="ant-menu ant-menu-root ant-menu-inline ant-menu-light sidebar-menu css-dev-only-do-not-override-1p3hq3p" onMousedown=undefined prefixCls="ant-menu-overflow"  ... > 
  at <AMenu selectedKeys= [memories] onUpdate:selectedKeys=fn mode="inline"  ... > 
  at <ALayoutSider collapsed=false trigger=null collapsible=""  ... > 
  at <AppSidebar collapsed=false onUpdate:collapsed=fn > 
  at <Anonymous hasSider=undefined prefixCls="ant-layout" tagName="section"  ... > 
  at <ALayout class="app-layout" > 
  at <AppLayout onVnodeUnmounted=fn<onVnodeUnmounted> ref=Ref< Proxy(Object) > > 
  at <RouterView> 
  at <App> @ http://localhost:5173/node_modules/.vite/deps/chunk-LZ3HUG3H.js?v=602de535:2203
[  152663ms] [WARNING] [Vue warn]: Slot "arrowContent" invoked outside of the render function: this will not track dependencies used in the slot. Invoke the slot function inside the render function instead. 
  at <Tooltip title=null overlayClassName="ant-menu-inline-collapsed-tooltip css-dev-only-do-not-override-1p3hq3p" trigger="hover"  ... > 
  at <ATooltip title=null open=false placement="right"  ... > 
  at <AMenuItem key="dashboard" onClick=fn > 
  at <OverflowContextProvider key=0 value= {prefixCls: ant-menu-overflow-item, responsive: false, component: Object, invalidate: true, order: 0} > 
  at <ResizeObserver disabled=true onResize=fn<onOverflowResize> > 
  at <Overflow class="ant-menu ant-menu-root ant-menu-inline ant-menu-light sidebar-menu css-dev-only-do-not-override-1p3hq3p" onMousedown=undefined prefixCls="ant-menu-overflow"  ... > 
  at <AMenu selectedKeys= [memories] onUpdate:selectedKeys=fn mode="inline"  ... > 
  at <ALayoutSider collapsed=false trigger=null collapsible=""  ... > 
  at <AppSidebar collapsed=false onUpdate:collapsed=fn > 
  at <Anonymous hasSider=undefined prefixCls="ant-layout" tagName="section"  ... > 
  at <ALayout class="app-layout" > 
  at <AppLayout onVnodeUnmounted=fn<onVnodeUnmounted> ref=Ref< Proxy(Object) > > 
  at <RouterView> 
  at <App> @ http://localhost:5173/node_modules/.vite/deps/chunk-LZ3HUG3H.js?v=602de535:2203
[  152664ms] [WARNING] [Vue warn]: Slot "default" invoked outside of the render function: this will not track dependencies used in the slot. Invoke the slot function inside the render function instead. 
  at <Trigger popupClassName="ant-menu-inline-collapsed-tooltip css-dev-only-do-not-override-1p3hq3p" prefixCls="ant-tooltip" action="hover"  ... > 
  at <Tooltip title=null overlayClassName="ant-menu-inline-collapsed-tooltip css-dev-only-do-not-override-1p3hq3p" trigger="hover"  ... > 
  at <ATooltip title=null open=false placement="right"  ... > 
  at <AMenuItem key="dashboard" onClick=fn > 
  at <OverflowContextProvider key=0 value= {prefixCls: ant-menu-overflow-item, responsive: false, component: Object, invalidate: true, order: 0} > 
  at <ResizeObserver disabled=true onResize=fn<onOverflowResize> > 
  at <Overflow class="ant-menu ant-menu-root ant-menu-inline ant-menu-light sidebar-menu css-dev-only-do-not-override-1p3hq3p" onMousedown=undefined prefixCls="ant-menu-overflow"  ... > 
  at <AMenu selectedKeys= [memories] onUpdate:selectedKeys=fn mode="inline"  ... > 
  at <ALayoutSider collapsed=false trigger=null collapsible=""  ... > 
  at <AppSidebar collapsed=false onUpdate:collapsed=fn > 
  at <Anonymous hasSider=undefined prefixCls="ant-layout" tagName="section"  ... > 
  at <ALayout class="app-layout" > 
  at <AppLayout onVnodeUnmounted=fn<onVnodeUnmounted> ref=Ref< Proxy(Object) > > 
  at <RouterView> 
  at <App> @ http://localhost:5173/node_modules/.vite/deps/chunk-LZ3HUG3H.js?v=602de535:2203
[  152665ms] [WARNING] [Vue warn]: Slot "default" invoked outside of the render function: this will not track dependencies used in the slot. Invoke the slot function inside the render function instead. 
  at <OverflowContextProvider value=null > 
  at <RawItem component="li" id=undefined style= {paddingLeft: 24px}  ... > 
  at <Trigger popupClassName="ant-menu-inline-collapsed-tooltip css-dev-only-do-not-override-1p3hq3p" prefixCls="ant-tooltip" action="hover"  ... > 
  at <Tooltip title=null overlayClassName="ant-menu-inline-collapsed-tooltip css-dev-only-do-not-override-1p3hq3p" trigger="hover"  ... > 
  at <ATooltip title=null open=false placement="right"  ... > 
  at <AMenuItem key="dashboard" onClick=fn > 
  at <OverflowContextProvider key=0 value= {prefixCls: ant-menu-overflow-item, responsive: false, component: Object, invalidate: true, order: 0} > 
  at <ResizeObserver disabled=true onResize=fn<onOverflowResize> > 
  at <Overflow class="ant-menu ant-menu-root ant-menu-inline ant-menu-light sidebar-menu css-dev-only-do-not-override-1p3hq3p" onMousedown=undefined prefixCls="ant-menu-overflow"  ... > 
  at <AMenu selectedKeys= [memories] onUpdate:selectedKeys=fn mode="inline"  ... > 
  at <ALayoutSider collapsed=false trigger=null collapsible=""  ... > 
  at <AppSidebar collapsed=false onUpdate:collapsed=fn > 
  at <Anonymous hasSider=undefined prefixCls="ant-layout" tagName="section"  ... > 
  at <ALayout class="app-layout" > 
  at <AppLayout onVnodeUnmounted=fn<onVnodeUnmounted> ref=Ref< Proxy(Object) > > 
  at <RouterView> 
  at <App> @ http://localhost:5173/node_modules/.vite/deps/chunk-LZ3HUG3H.js?v=602de535:2203
[  152665ms] [WARNING] [Vue warn]: Slot "default" invoked outside of the render function: this will not track dependencies used in the slot. Invoke the slot function inside the render function instead. 
  at <Item class="ant-menu-item" prefixCls="ant-menu-overflow-item" responsive=false  ... > 
  at <OverflowContextProvider value=null > 
  at <RawItem component="li" id=undefined style= {paddingLeft: 24px}  ... > 
  at <Trigger popupClassName="ant-menu-inline-collapsed-tooltip css-dev-only-do-not-override-1p3hq3p" prefixCls="ant-tooltip" action="hover"  ... > 
  at <Tooltip title=null overlayClassName="ant-menu-inline-collapsed-tooltip css-dev-only-do-not-override-1p3hq3p" trigger="hover"  ... > 
  at <ATooltip title=null open=false placement="right"  ... > 
  at <AMenuItem key="dashboard" onClick=fn > 
  at <OverflowContextProvider key=0 value= {prefixCls: ant-menu-overflow-item, responsive: false, component: Object, invalidate: true, order: 0} > 
  at <ResizeObserver disabled=true onResize=fn<onOverflowResize> > 
  at <Overflow class="ant-menu ant-menu-root ant-menu-inline ant-menu-light sidebar-menu css-dev-only-do-not-override-1p3hq3p" onMousedown=undefined prefixCls="ant-menu-overflow"  ... > 
  at <AMenu selectedKeys= [memories] onUpdate:selectedKeys=fn mode="inline"  ... > 
  at <ALayoutSider collapsed=false trigger=null collapsible=""  ... > 
  at <AppSidebar collapsed=false onUpdate:collapsed=fn > 
  at <Anonymous hasSider=undefined prefixCls="ant-layout" tagName="section"  ... > 
  at <ALayout class="app-layout" > 
  at <AppLayout onVnodeUnmounted=fn<onVnodeUnmounted> ref=Ref< Proxy(Object) > > 
  at <RouterView> 
  at <App> @ http://localhost:5173/node_modules/.vite/deps/chunk-LZ3HUG3H.js?v=602de535:2203
[  152666ms] [WARNING] [Vue warn]: Slot "default" invoked outside of the render function: this will not track dependencies used in the slot. Invoke the slot function inside the render function instead. 
  at <ResizeObserver disabled=true onResize=fn<onResize> class="ant-menu-item"  ... > 
  at <Item class="ant-menu-item" prefixCls="ant-menu-overflow-item" responsive=false  ... > 
  at <OverflowContextProvider value=null > 
  at <RawItem component="li" id=undefined style= {paddingLeft: 24px}  ... > 
  at <Trigger popupClassName="ant-menu-inline-collapsed-tooltip css-dev-only-do-not-override-1p3hq3p" prefixCls="ant-tooltip" action="hover"  ... > 
  at <Tooltip title=null overlayClassName="ant-menu-inline-collapsed-tooltip css-dev-only-do-not-override-1p3hq3p" trigger="hover"  ... > 
  at <ATooltip title=null open=false placement="right"  ... > 
  at <AMenuItem key="dashboard" onClick=fn > 
  at <OverflowContextProvider key=0 value= {prefixCls: ant-menu-overflow-item, responsive: false, component: Object, invalidate: true, order: 0} > 
  at <ResizeObserver disabled=true onResize=fn<onOverflowResize> > 
  at <Overflow class="ant-menu ant-menu-root ant-menu-inline ant-menu-light sidebar-menu css-dev-only-do-not-override-1p3hq3p" onMousedown=undefined prefixCls="ant-menu-overflow"  ... > 
  at <AMenu selectedKeys= [memories] onUpdate:selectedKeys=fn mode="inline"  ... > 
  at <ALayoutSider collapsed=false trigger=null collapsible=""  ... > 
  at <AppSidebar collapsed=false onUpdate:collapsed=fn > 
  at <Anonymous hasSider=undefined prefixCls="ant-layout" tagName="section"  ... > 
  at <ALayout class="app-layout" > 
  at <AppLayout onVnodeUnmounted=fn<onVnodeUnmounted> ref=Ref< Proxy(Object) > > 
  at <RouterView> 
  at <App> @ http://localhost:5173/node_modules/.vite/deps/chunk-LZ3HUG3H.js?v=602de535:2203
[  152695ms] [WARNING] [Vue warn]: Slot "default" invoked outside of the render function: this will not track dependencies used in the slot. Invoke the slot function inside the render function instead. 
  at <ATooltip title=null open=false placement="right"  ... > 
  at <AMenuItem key="memories" onClick=fn > 
  at <OverflowContextProvider key=1 value= {prefixCls: ant-menu-overflow-item, responsive: false, component: Object, invalidate: true, order: 1} > 
  at <ResizeObserver disabled=true onResize=fn<onOverflowResize> > 
  at <Overflow class="ant-menu ant-menu-root ant-menu-inline ant-menu-light sidebar-menu css-dev-only-do-not-override-1p3hq3p" onMousedown=undefined prefixCls="ant-menu-overflow"  ... > 
  at <AMenu selectedKeys= [memories] onUpdate:selectedKeys=fn mode="inline"  ... > 
  at <ALayoutSider collapsed=false trigger=null collapsible=""  ... > 
  at <AppSidebar collapsed=false onUpdate:collapsed=fn > 
  at <Anonymous hasSider=undefined prefixCls="ant-layout" tagName="section"  ... > 
  at <ALayout class="app-layout" > 
  at <AppLayout onVnodeUnmounted=fn<onVnodeUnmounted> ref=Ref< Proxy(Object) > > 
  at <RouterView> 
  at <App> @ http://localhost:5173/node_modules/.vite/deps/chunk-LZ3HUG3H.js?v=602de535:2203
[  152696ms] [WARNING] [Vue warn]: Slot "arrowContent" invoked outside of the render function: this will not track dependencies used in the slot. Invoke the slot function inside the render function instead. 
  at <Tooltip title=null overlayClassName="ant-menu-inline-collapsed-tooltip css-dev-only-do-not-override-1p3hq3p" trigger="hover"  ... > 
  at <ATooltip title=null open=false placement="right"  ... > 
  at <AMenuItem key="memories" onClick=fn > 
  at <OverflowContextProvider key=1 value= {prefixCls: ant-menu-overflow-item, responsive: false, component: Object, invalidate: true, order: 1} > 
  at <ResizeObserver disabled=true onResize=fn<onOverflowResize> > 
  at <Overflow class="ant-menu ant-menu-root ant-menu-inline ant-menu-light sidebar-menu css-dev-only-do-not-override-1p3hq3p" onMousedown=undefined prefixCls="ant-menu-overflow"  ... > 
  at <AMenu selectedKeys= [memories] onUpdate:selectedKeys=fn mode="inline"  ... > 
  at <ALayoutSider collapsed=false trigger=null collapsible=""  ... > 
  at <AppSidebar collapsed=false onUpdate:collapsed=fn > 
  at <Anonymous hasSider=undefined prefixCls="ant-layout" tagName="section"  ... > 
  at <ALayout class="app-layout" > 
  at <AppLayout onVnodeUnmounted=fn<onVnodeUnmounted> ref=Ref< Proxy(Object) > > 
  at <RouterView> 
  at <App> @ http://localhost:5173/node_modules/.vite/deps/chunk-LZ3HUG3H.js?v=602de535:2203
[  152697ms] [WARNING] [Vue warn]: Slot "default" invoked outside of the render function: this will not track dependencies used in the slot. Invoke the slot function inside the render function instead. 
  at <Trigger popupClassName="ant-menu-inline-collapsed-tooltip css-dev-only-do-not-override-1p3hq3p" prefixCls="ant-tooltip" action="hover"  ... > 
  at <Tooltip title=null overlayClassName="ant-menu-inline-collapsed-tooltip css-dev-only-do-not-override-1p3hq3p" trigger="hover"  ... > 
  at <ATooltip title=null open=false placement="right"  ... > 
  at <AMenuItem key="memories" onClick=fn > 
  at <OverflowContextProvider key=1 value= {prefixCls: ant-menu-overflow-item, responsive: false, component: Object, invalidate: true, order: 1} > 
  at <ResizeObserver disabled=true onResize=fn<onOverflowResize> > 
  at <Overflow class="ant-menu ant-menu-root ant-menu-inline ant-menu-light sidebar-menu css-dev-only-do-not-override-1p3hq3p" onMousedown=undefined prefixCls="ant-menu-overflow"  ... > 
  at <AMenu selectedKeys= [memories] onUpdate:selectedKeys=fn mode="inline"  ... > 
  at <ALayoutSider collapsed=false trigger=null collapsible=""  ... > 
  at <AppSidebar collapsed=false onUpdate:collapsed=fn > 
  at <Anonymous hasSider=undefined prefixCls="ant-layout" tagName="section"  ... > 
  at <ALayout class="app-layout" > 
  at <AppLayout onVnodeUnmounted=fn<onVnodeUnmounted> ref=Ref< Proxy(Object) > > 
  at <RouterView> 
  at <App> @ http://localhost:5173/node_modules/.vite/deps/chunk-LZ3HUG3H.js?v=602de535:2203
[  152697ms] [WARNING] [Vue warn]: Slot "default" invoked outside of the render function: this will not track dependencies used in the slot. Invoke the slot function inside the render function instead. 
  at <OverflowContextProvider value=null > 
  at <RawItem component="li" id=undefined style= {paddingLeft: 24px}  ... > 
  at <Trigger popupClassName="ant-menu-inline-collapsed-tooltip css-dev-only-do-not-override-1p3hq3p" prefixCls="ant-tooltip" action="hover"  ... > 
  at <Tooltip title=null overlayClassName="ant-menu-inline-collapsed-tooltip css-dev-only-do-not-override-1p3hq3p" trigger="hover"  ... > 
  at <ATooltip title=null open=false placement="right"  ... > 
  at <AMenuItem key="memories" onClick=fn > 
  at <OverflowContextProvider key=1 value= {prefixCls: ant-menu-overflow-item, responsive: false, component: Object, invalidate: true, order: 1} > 
  at <ResizeObserver disabled=true onResize=fn<onOverflowResize> > 
  at <Overflow class="ant-menu ant-menu-root ant-menu-inline ant-menu-light sidebar-menu css-dev-only-do-not-override-1p3hq3p" onMousedown=undefined prefixCls="ant-menu-overflow"  ... > 
  at <AMenu selectedKeys= [memories] onUpdate:selectedKeys=fn mode="inline"  ... > 
  at <ALayoutSider collapsed=false trigger=null collapsible=""  ... > 
  at <AppSidebar collapsed=false onUpdate:collapsed=fn > 
  at <Anonymous hasSider=undefined prefixCls="ant-layout" tagName="section"  ... > 
  at <ALayout class="app-layout" > 
  at <AppLayout onVnodeUnmounted=fn<onVnodeUnmounted> ref=Ref< Proxy(Object) > > 
  at <RouterView> 
  at <App> @ http://localhost:5173/node_modules/.vite/deps/chunk-LZ3HUG3H.js?v=602de535:2203
[  152698ms] [WARNING] [Vue warn]: Slot "default" invoked outside of the render function: this will not track dependencies used in the slot. Invoke the slot function inside the render function instead. 
  at <Item class="ant-menu-item ant-menu-item-active ant-menu-item-selected" prefixCls="ant-menu-overflow-item" responsive=false  ... > 
  at <OverflowContextProvider value=null > 
  at <RawItem component="li" id=undefined style= {paddingLeft: 24px}  ... > 
  at <Trigger popupClassName="ant-menu-inline-collapsed-tooltip css-dev-only-do-not-override-1p3hq3p" prefixCls="ant-tooltip" action="hover"  ... > 
  at <Tooltip title=null overlayClassName="ant-menu-inline-collapsed-tooltip css-dev-only-do-not-override-1p3hq3p" trigger="hover"  ... > 
  at <ATooltip title=null open=false placement="right"  ... > 
  at <AMenuItem key="memories" onClick=fn > 
  at <OverflowContextProvider key=1 value= {prefixCls: ant-menu-overflow-item, responsive: false, component: Object, invalidate: true, order: 1} > 
  at <ResizeObserver disabled=true onResize=fn<onOverflowResize> > 
  at <Overflow class="ant-menu ant-menu-root ant-menu-inline ant-menu-light sidebar-menu css-dev-only-do-not-override-1p3hq3p" onMousedown=undefined prefixCls="ant-menu-overflow"  ... > 
  at <AMenu selectedKeys= [memories] onUpdate:selectedKeys=fn mode="inline"  ... > 
  at <ALayoutSider collapsed=false trigger=null collapsible=""  ... > 
  at <AppSidebar collapsed=false onUpdate:collapsed=fn > 
  at <Anonymous hasSider=undefined prefixCls="ant-layout" tagName="section"  ... > 
  at <ALayout class="app-layout" > 
  at <AppLayout onVnodeUnmounted=fn<onVnodeUnmounted> ref=Ref< Proxy(Object) > > 
  at <RouterView> 
  at <App> @ http://localhost:5173/node_modules/.vite/deps/chunk-LZ3HUG3H.js?v=602de535:2203
[  152698ms] [WARNING] [Vue warn]: Slot "default" invoked outside of the render function: this will not track dependencies used in the slot. Invoke the slot function inside the render function instead. 
  at <ResizeObserver disabled=true onResize=fn<onResize> class="ant-menu-item ant-menu-item-active ant-menu-item-selected"  ... > 
  at <Item class="ant-menu-item ant-menu-item-active ant-menu-item-selected" prefixCls="ant-menu-overflow-item" responsive=false  ... > 
  at <OverflowContextProvider value=null > 
  at <RawItem component="li" id=undefined style= {paddingLeft: 24px}  ... > 
  at <Trigger popupClassName="ant-menu-inline-collapsed-tooltip css-dev-only-do-not-override-1p3hq3p" prefixCls="ant-tooltip" action="hover"  ... > 
  at <Tooltip title=null overlayClassName="ant-menu-inline-collapsed-tooltip css-dev-only-do-not-override-1p3hq3p" trigger="hover"  ... > 
  at <ATooltip title=null open=false placement="right"  ... > 
  at <AMenuItem key="memories" onClick=fn > 
  at <OverflowContextProvider key=1 value= {prefixCls: ant-menu-overflow-item, responsive: false, component: Object, invalidate: true, order: 1} > 
  at <ResizeObserver disabled=true onResize=fn<onOverflowResize> > 
  at <Overflow class="ant-menu ant-menu-root ant-menu-inline ant-menu-light sidebar-menu css-dev-only-do-not-override-1p3hq3p" onMousedown=undefined prefixCls="ant-menu-overflow"  ... > 
  at <AMenu selectedKeys= [memories] onUpdate:selectedKeys=fn mode="inline"  ... > 
  at <ALayoutSider collapsed=false trigger=null collapsible=""  ... > 
  at <AppSidebar collapsed=false onUpdate:collapsed=fn > 
  at <Anonymous hasSider=undefined prefixCls="ant-layout" tagName="section"  ... > 
  at <ALayout class="app-layout" > 
  at <AppLayout onVnodeUnmounted=fn<onVnodeUnmounted> ref=Ref< Proxy(Object) > > 
  at <RouterView> 
  at <App> @ http://localhost:5173/node_modules/.vite/deps/chunk-LZ3HUG3H.js?v=602de535:2203
[  152912ms] [WARNING] [Vue warn]: Slot "default" invoked outside of the render function: this will not track dependencies used in the slot. Invoke the slot function inside the render function instead. 
  at <ATooltip title=null open=false placement="right"  ... > 
  at <AMenuItem key="memories" onClick=fn > 
  at <OverflowContextProvider key=1 value= {prefixCls: ant-menu-overflow-item, responsive: false, component: Object, invalidate: true, order: 1} > 
  at <ResizeObserver disabled=true onResize=fn<onOverflowResize> > 
  at <Overflow class="ant-menu ant-menu-root ant-menu-inline ant-menu-light sidebar-menu css-dev-only-do-not-override-1p3hq3p" onMousedown=undefined prefixCls="ant-menu-overflow"  ... > 
  at <AMenu selectedKeys= [memories] onUpdate:selectedKeys=fn mode="inline"  ... > 
  at <ALayoutSider collapsed=false trigger=null collapsible=""  ... > 
  at <AppSidebar collapsed=false onUpdate:collapsed=fn > 
  at <Anonymous hasSider=undefined prefixCls="ant-layout" tagName="section"  ... > 
  at <ALayout class="app-layout" > 
  at <AppLayout onVnodeUnmounted=fn<onVnodeUnmounted> ref=Ref< Proxy(Object) > > 
  at <RouterView> 
  at <App> @ http://localhost:5173/node_modules/.vite/deps/chunk-LZ3HUG3H.js?v=602de535:2203
[  152913ms] [WARNING] [Vue warn]: Slot "arrowContent" invoked outside of the render function: this will not track dependencies used in the slot. Invoke the slot function inside the render function instead. 
  at <Tooltip title=null overlayClassName="ant-menu-inline-collapsed-tooltip css-dev-only-do-not-override-1p3hq3p" trigger="hover"  ... > 
  at <ATooltip title=null open=false placement="right"  ... > 
  at <AMenuItem key="memories" onClick=fn > 
  at <OverflowContextProvider key=1 value= {prefixCls: ant-menu-overflow-item, responsive: false, component: Object, invalidate: true, order: 1} > 
  at <ResizeObserver disabled=true onResize=fn<onOverflowResize> > 
  at <Overflow class="ant-menu ant-menu-root ant-menu-inline ant-menu-light sidebar-menu css-dev-only-do-not-override-1p3hq3p" onMousedown=undefined prefixCls="ant-menu-overflow"  ... > 
  at <AMenu selectedKeys= [memories] onUpdate:selectedKeys=fn mode="inline"  ... > 
  at <ALayoutSider collapsed=false trigger=null collapsible=""  ... > 
  at <AppSidebar collapsed=false onUpdate:collapsed=fn > 
  at <Anonymous hasSider=undefined prefixCls="ant-layout" tagName="section"  ... > 
  at <ALayout class="app-layout" > 
  at <AppLayout onVnodeUnmounted=fn<onVnodeUnmounted> ref=Ref< Proxy(Object) > > 
  at <RouterView> 
  at <App> @ http://localhost:5173/node_modules/.vite/deps/chunk-LZ3HUG3H.js?v=602de535:2203
[  152914ms] [WARNING] [Vue warn]: Slot "default" invoked outside of the render function: this will not track dependencies used in the slot. Invoke the slot function inside the render function instead. 
  at <Trigger popupClassName="ant-menu-inline-collapsed-tooltip css-dev-only-do-not-override-1p3hq3p" prefixCls="ant-tooltip" action="hover"  ... > 
  at <Tooltip title=null overlayClassName="ant-menu-inline-collapsed-tooltip css-dev-only-do-not-override-1p3hq3p" trigger="hover"  ... > 
  at <ATooltip title=null open=false placement="right"  ... > 
  at <AMenuItem key="memories" onClick=fn > 
  at <OverflowContextProvider key=1 value= {prefixCls: ant-menu-overflow-item, responsive: false, component: Object, invalidate: true, order: 1} > 
  at <ResizeObserver disabled=true onResize=fn<onOverflowResize> > 
  at <Overflow class="ant-menu ant-menu-root ant-menu-inline ant-menu-light sidebar-menu css-dev-only-do-not-override-1p3hq3p" onMousedown=undefined prefixCls="ant-menu-overflow"  ... > 
  at <AMenu selectedKeys= [memories] onUpdate:selectedKeys=fn mode="inline"  ... > 
  at <ALayoutSider collapsed=false trigger=null collapsible=""  ... > 
  at <AppSidebar collapsed=false onUpdate:collapsed=fn > 
  at <Anonymous hasSider=undefined prefixCls="ant-layout" tagName="section"  ... > 
  at <ALayout class="app-layout" > 
  at <AppLayout onVnodeUnmounted=fn<onVnodeUnmounted> ref=Ref< Proxy(Object) > > 
  at <RouterView> 
  at <App> @ http://localhost:5173/node_modules/.vite/deps/chunk-LZ3HUG3H.js?v=602de535:2203
[  152914ms] [WARNING] [Vue warn]: Slot "default" invoked outside of the render function: this will not track dependencies used in the slot. Invoke the slot function inside the render function instead. 
  at <OverflowContextProvider value=null > 
  at <RawItem component="li" id=undefined style= {paddingLeft: 24px}  ... > 
  at <Trigger popupClassName="ant-menu-inline-collapsed-tooltip css-dev-only-do-not-override-1p3hq3p" prefixCls="ant-tooltip" action="hover"  ... > 
  at <Tooltip title=null overlayClassName="ant-menu-inline-collapsed-tooltip css-dev-only-do-not-override-1p3hq3p" trigger="hover"  ... > 
  at <ATooltip title=null open=false placement="right"  ... > 
  at <AMenuItem key="memories" onClick=fn > 
  at <OverflowContextProvider key=1 value= {prefixCls: ant-menu-overflow-item, responsive: false, component: Object, invalidate: true, order: 1} > 
  at <ResizeObserver disabled=true onResize=fn<onOverflowResize> > 
  at <Overflow class="ant-menu ant-menu-root ant-menu-inline ant-menu-light sidebar-menu css-dev-only-do-not-override-1p3hq3p" onMousedown=undefined prefixCls="ant-menu-overflow"  ... > 
  at <AMenu selectedKeys= [memories] onUpdate:selectedKeys=fn mode="inline"  ... > 
  at <ALayoutSider collapsed=false trigger=null collapsible=""  ... > 
  at <AppSidebar collapsed=false onUpdate:collapsed=fn > 
  at <Anonymous hasSider=undefined prefixCls="ant-layout" tagName="section"  ... > 
  at <ALayout class="app-layout" > 
  at <AppLayout onVnodeUnmounted=fn<onVnodeUnmounted> ref=Ref< Proxy(Object) > > 
  at <RouterView> 
  at <App> @ http://localhost:5173/node_modules/.vite/deps/chunk-LZ3HUG3H.js?v=602de535:2203
[  152915ms] [WARNING] [Vue warn]: Slot "default" invoked outside of the render function: this will not track dependencies used in the slot. Invoke the slot function inside the render function instead. 
  at <Item class="ant-menu-item ant-menu-item-selected" prefixCls="ant-menu-overflow-item" responsive=false  ... > 
  at <OverflowContextProvider value=null > 
  at <RawItem component="li" id=undefined style= {paddingLeft: 24px}  ... > 
  at <Trigger popupClassName="ant-menu-inline-collapsed-tooltip css-dev-only-do-not-override-1p3hq3p" prefixCls="ant-tooltip" action="hover"  ... > 
  at <Tooltip title=null overlayClassName="ant-menu-inline-collapsed-tooltip css-dev-only-do-not-override-1p3hq3p" trigger="hover"  ... > 
  at <ATooltip title=null open=false placement="right"  ... > 
  at <AMenuItem key="memories" onClick=fn > 
  at <OverflowContextProvider key=1 value= {prefixCls: ant-menu-overflow-item, responsive: false, component: Object, invalidate: true, order: 1} > 
  at <ResizeObserver disabled=true onResize=fn<onOverflowResize> > 
  at <Overflow class="ant-menu ant-menu-root ant-menu-inline ant-menu-light sidebar-menu css-dev-only-do-not-override-1p3hq3p" onMousedown=undefined prefixCls="ant-menu-overflow"  ... > 
  at <AMenu selectedKeys= [memories] onUpdate:selectedKeys=fn mode="inline"  ... > 
  at <ALayoutSider collapsed=false trigger=null collapsible=""  ... > 
  at <AppSidebar collapsed=false onUpdate:collapsed=fn > 
  at <Anonymous hasSider=undefined prefixCls="ant-layout" tagName="section"  ... > 
  at <ALayout class="app-layout" > 
  at <AppLayout onVnodeUnmounted=fn<onVnodeUnmounted> ref=Ref< Proxy(Object) > > 
  at <RouterView> 
  at <App> @ http://localhost:5173/node_modules/.vite/deps/chunk-LZ3HUG3H.js?v=602de535:2203
[  152916ms] [WARNING] [Vue warn]: Slot "default" invoked outside of the render function: this will not track dependencies used in the slot. Invoke the slot function inside the render function instead. 
  at <ResizeObserver disabled=true onResize=fn<onResize> class="ant-menu-item ant-menu-item-selected"  ... > 
  at <Item class="ant-menu-item ant-menu-item-selected" prefixCls="ant-menu-overflow-item" responsive=false  ... > 
  at <OverflowContextProvider value=null > 
  at <RawItem component="li" id=undefined style= {paddingLeft: 24px}  ... > 
  at <Trigger popupClassName="ant-menu-inline-collapsed-tooltip css-dev-only-do-not-override-1p3hq3p" prefixCls="ant-tooltip" action="hover"  ... > 
  at <Tooltip title=null overlayClassName="ant-menu-inline-collapsed-tooltip css-dev-only-do-not-override-1p3hq3p" trigger="hover"  ... > 
  at <ATooltip title=null open=false placement="right"  ... > 
  at <AMenuItem key="memories" onClick=fn > 
  at <OverflowContextProvider key=1 value= {prefixCls: ant-menu-overflow-item, responsive: false, component: Object, invalidate: true, order: 1} > 
  at <ResizeObserver disabled=true onResize=fn<onOverflowResize> > 
  at <Overflow class="ant-menu ant-menu-root ant-menu-inline ant-menu-light sidebar-menu css-dev-only-do-not-override-1p3hq3p" onMousedown=undefined prefixCls="ant-menu-overflow"  ... > 
  at <AMenu selectedKeys= [memories] onUpdate:selectedKeys=fn mode="inline"  ... > 
  at <ALayoutSider collapsed=false trigger=null collapsible=""  ... > 
  at <AppSidebar collapsed=false onUpdate:collapsed=fn > 
  at <Anonymous hasSider=undefined prefixCls="ant-layout" tagName="section"  ... > 
  at <ALayout class="app-layout" > 
  at <AppLayout onVnodeUnmounted=fn<onVnodeUnmounted> ref=Ref< Proxy(Object) > > 
  at <RouterView> 
  at <App> @ http://localhost:5173/node_modules/.vite/deps/chunk-LZ3HUG3H.js?v=602de535:2203
[  154359ms] [WARNING] [Vue warn]: Unhandled error during execution of setup function 
  at <MemoryDetail onVnodeUnmounted=fn<onVnodeUnmounted> ref=Ref< undefined > > 
  at <BaseTransition mode="out-in" appear=false persisted=false  ... > 
  at <Transition name="fade" mode="out-in" > 
  at <RouterView> 
  at <Anonymous hasSider=undefined prefixCls="ant-layout-content" tagName="main"  ... > 
  at <ALayoutContent class="main-content" > 
  at <Anonymous hasSider=undefined prefixCls="ant-layout" tagName="section"  ... > 
  at <ALayout class="main-layout" style= {marginLeft: 220px} > 
  at <Anonymous hasSider=undefined prefixCls="ant-layout" tagName="section"  ... > 
  at <ALayout class="app-layout" > 
  at <AppLayout onVnodeUnmounted=fn<onVnodeUnmounted> ref=Ref< undefined > > 
  at <RouterView> 
  at <App> @ http://localhost:5173/node_modules/.vite/deps/chunk-LZ3HUG3H.js?v=602de535:2203
[  154360ms] [WARNING] [Vue warn]: Unhandled error during execution of component update 
  at <RouterView> 
  at <App> @ http://localhost:5173/node_modules/.vite/deps/chunk-LZ3HUG3H.js?v=602de535:2203
[  153421ms] ReferenceError: reactive is not defined
    at setup (http://localhost:5173/src/views/MemoryDetail.vue:30:23)
    at callWithErrorHandling (http://localhost:5173/node_modules/.vite/deps/chunk-LZ3HUG3H.js?v=602de535:2351:19)
    at setupStatefulComponent (http://localhost:5173/node_modules/.vite/deps/chunk-LZ3HUG3H.js?v=602de535:10295:25)
    at setupComponent (http://localhost:5173/node_modules/.vite/deps/chunk-LZ3HUG3H.js?v=602de535:10257:36)
    at mountComponent (http://localhost:5173/node_modules/.vite/deps/chunk-LZ3HUG3H.js?v=602de535:8183:7)
    at processComponent (http://localhost:5173/node_modules/.vite/deps/chunk-LZ3HUG3H.js?v=602de535:8149:9)
    at patch (http://localhost:5173/node_modules/.vite/deps/chunk-LZ3HUG3H.js?v=602de535:7646:11)
    at ReactiveEffect.componentUpdateFn [as fn] (http://localhost:5173/node_modules/.vite/deps/chunk-LZ3HUG3H.js?v=602de535:8297:11)
    at ReactiveEffect.run (http://localhost:5173/node_modules/.vite/deps/chunk-LZ3HUG3H.js?v=602de535:507:19)
    at setupRenderEffect (http://localhost:5173/node_modules/.vite/deps/chunk-LZ3HUG3H.js?v=602de535:8425:5)
[  153421ms] ReferenceError: reactive is not defined
    at setup (http://localhost:5173/src/views/MemoryDetail.vue:30:23)
    at callWithErrorHandling (http://localhost:5173/node_modules/.vite/deps/chunk-LZ3HUG3H.js?v=602de535:2351:19)
    at setupStatefulComponent (http://localhost:5173/node_modules/.vite/deps/chunk-LZ3HUG3H.js?v=602de535:10295:25)
    at setupComponent (http://localhost:5173/node_modules/.vite/deps/chunk-LZ3HUG3H.js?v=602de535:10257:36)
    at mountComponent (http://localhost:5173/node_modules/.vite/deps/chunk-LZ3HUG3H.js?v=602de535:8183:7)
    at processComponent (http://localhost:5173/node_modules/.vite/deps/chunk-LZ3HUG3H.js?v=602de535:8149:9)
    at patch (http://localhost:5173/node_modules/.vite/deps/chunk-LZ3HUG3H.js?v=602de535:7646:11)
    at ReactiveEffect.componentUpdateFn [as fn] (http://localhost:5173/node_modules/.vite/deps/chunk-LZ3HUG3H.js?v=602de535:8297:11)
    at ReactiveEffect.run (http://localhost:5173/node_modules/.vite/deps/chunk-LZ3HUG3H.js?v=602de535:507:19)
    at setupRenderEffect (http://localhost:5173/node_modules/.vite/deps/chunk-LZ3HUG3H.js?v=602de535:8425:5)
[  153423ms] ReferenceError: reactive is not defined
    at setup (http://localhost:5173/src/views/MemoryDetail.vue:30:23)
    at callWithErrorHandling (http://localhost:5173/node_modules/.vite/deps/chunk-LZ3HUG3H.js?v=602de535:2351:19)
    at setupStatefulComponent (http://localhost:5173/node_modules/.vite/deps/chunk-LZ3HUG3H.js?v=602de535:10295:25)
    at setupComponent (http://localhost:5173/node_modules/.vite/deps/chunk-LZ3HUG3H.js?v=602de535:10257:36)
    at mountComponent (http://localhost:5173/node_modules/.vite/deps/chunk-LZ3HUG3H.js?v=602de535:8183:7)
    at processComponent (http://localhost:5173/node_modules/.vite/deps/chunk-LZ3HUG3H.js?v=602de535:8149:9)
    at patch (http://localhost:5173/node_modules/.vite/deps/chunk-LZ3HUG3H.js?v=602de535:7646:11)
    at ReactiveEffect.componentUpdateFn [as fn] (http://localhost:5173/node_modules/.vite/deps/chunk-LZ3HUG3H.js?v=602de535:8297:11)
    at ReactiveEffect.run (http://localhost:5173/node_modules/.vite/deps/chunk-LZ3HUG3H.js?v=602de535:507:19)
    at setupRenderEffect (http://localhost:5173/node_modules/.vite/deps/chunk-LZ3HUG3H.js?v=602de535:8425:5)
[  153424ms] ReferenceError: reactive is not defined
    at setup (http://localhost:5173/src/views/MemoryDetail.vue:30:23)
    at callWithErrorHandling (http://localhost:5173/node_modules/.vite/deps/chunk-LZ3HUG3H.js?v=602de535:2351:19)
    at setupStatefulComponent (http://localhost:5173/node_modules/.vite/deps/chunk-LZ3HUG3H.js?v=602de535:10295:25)
    at setupComponent (http://localhost:5173/node_modules/.vite/deps/chunk-LZ3HUG3H.js?v=602de535:10257:36)
    at mountComponent (http://localhost:5173/node_modules/.vite/deps/chunk-LZ3HUG3H.js?v=602de535:8183:7)
    at processComponent (http://localhost:5173/node_modules/.vite/deps/chunk-LZ3HUG3H.js?v=602de535:8149:9)
    at patch (http://localhost:5173/node_modules/.vite/deps/chunk-LZ3HUG3H.js?v=602de535:7646:11)
    at ReactiveEffect.componentUpdateFn [as fn] (http://localhost:5173/node_modules/.vite/deps/chunk-LZ3HUG3H.js?v=602de535:8297:11)
    at ReactiveEffect.run (http://localhost:5173/node_modules/.vite/deps/chunk-LZ3HUG3H.js?v=602de535:507:19)
    at setupRenderEffect (http://localhost:5173/node_modules/.vite/deps/chunk-LZ3HUG3H.js?v=602de535:8425:5)
[  153424ms] ReferenceError: reactive is not defined
    at setup (http://localhost:5173/src/views/MemoryDetail.vue:30:23)
    at callWithErrorHandling (http://localhost:5173/node_modules/.vite/deps/chunk-LZ3HUG3H.js?v=602de535:2351:19)
    at setupStatefulComponent (http://localhost:5173/node_modules/.vite/deps/chunk-LZ3HUG3H.js?v=602de535:10295:25)
    at setupComponent (http://localhost:5173/node_modules/.vite/deps/chunk-LZ3HUG3H.js?v=602de535:10257:36)
    at mountComponent (http://localhost:5173/node_modules/.vite/deps/chunk-LZ3HUG3H.js?v=602de535:8183:7)
    at processComponent (http://localhost:5173/node_modules/.vite/deps/chunk-LZ3HUG3H.js?v=602de535:8149:9)
    at patch (http://localhost:5173/node_modules/.vite/deps/chunk-LZ3HUG3H.js?v=602de535:7646:11)
    at ReactiveEffect.componentUpdateFn [as fn] (http://localhost:5173/node_modules/.vite/deps/chunk-LZ3HUG3H.js?v=602de535:8297:11)
    at ReactiveEffect.run (http://localhost:5173/node_modules/.vite/deps/chunk-LZ3HUG3H.js?v=602de535:507:19)
    at setupRenderEffect (http://localhost:5173/node_modules/.vite/deps/chunk-LZ3HUG3H.js?v=602de535:8425:5)
[  153425ms] ReferenceError: reactive is not defined
    at setup (http://localhost:5173/src/views/MemoryDetail.vue:30:23)
    at callWithErrorHandling (http://localhost:5173/node_modules/.vite/deps/chunk-LZ3HUG3H.js?v=602de535:2351:19)
    at setupStatefulComponent (http://localhost:5173/node_modules/.vite/deps/chunk-LZ3HUG3H.js?v=602de535:10295:25)
    at setupComponent (http://localhost:5173/node_modules/.vite/deps/chunk-LZ3HUG3H.js?v=602de535:10257:36)
    at mountComponent (http://localhost:5173/node_modules/.vite/deps/chunk-LZ3HUG3H.js?v=602de535:8183:7)
    at processComponent (http://localhost:5173/node_modules/.vite/deps/chunk-LZ3HUG3H.js?v=602de535:8149:9)
    at patch (http://localhost:5173/node_modules/.vite/deps/chunk-LZ3HUG3H.js?v=602de535:7646:11)
    at ReactiveEffect.componentUpdateFn [as fn] (http://localhost:5173/node_modules/.vite/deps/chunk-LZ3HUG3H.js?v=602de535:8297:11)
    at ReactiveEffect.run (http://localhost:5173/node_modules/.vite/deps/chunk-LZ3HUG3H.js?v=602de535:507:19)
    at setupRenderEffect (http://localhost:5173/node_modules/.vite/deps/chunk-LZ3HUG3H.js?v=602de535:8425:5)
[  153426ms] ReferenceError: reactive is not defined
    at setup (http://localhost:5173/src/views/MemoryDetail.vue:30:23)
    at callWithErrorHandling (http://localhost:5173/node_modules/.vite/deps/chunk-LZ3HUG3H.js?v=602de535:2351:19)
    at setupStatefulComponent (http://localhost:5173/node_modules/.vite/deps/chunk-LZ3HUG3H.js?v=602de535:10295:25)
    at setupComponent (http://localhost:5173/node_modules/.vite/deps/chunk-LZ3HUG3H.js?v=602de535:10257:36)
    at mountComponent (http://localhost:5173/node_modules/.vite/deps/chunk-LZ3HUG3H.js?v=602de535:8183:7)
    at processComponent (http://localhost:5173/node_modules/.vite/deps/chunk-LZ3HUG3H.js?v=602de535:8149:9)
    at patch (http://localhost:5173/node_modules/.vite/deps/chunk-LZ3HUG3H.js?v=602de535:7646:11)
    at ReactiveEffect.componentUpdateFn [as fn] (http://localhost:5173/node_modules/.vite/deps/chunk-LZ3HUG3H.js?v=602de535:8297:11)
    at ReactiveEffect.run (http://localhost:5173/node_modules/.vite/deps/chunk-LZ3HUG3H.js?v=602de535:507:19)
    at setupRenderEffect (http://localhost:5173/node_modules/.vite/deps/chunk-LZ3HUG3H.js?v=602de535:8425:5)
[  153427ms] ReferenceError: reactive is not defined
    at setup (http://localhost:5173/src/views/MemoryDetail.vue:30:23)
    at callWithErrorHandling (http://localhost:5173/node_modules/.vite/deps/chunk-LZ3HUG3H.js?v=602de535:2351:19)
    at setupStatefulComponent (http://localhost:5173/node_modules/.vite/deps/chunk-LZ3HUG3H.js?v=602de535:10295:25)
    at setupComponent (http://localhost:5173/node_modules/.vite/deps/chunk-LZ3HUG3H.js?v=602de535:10257:36)
    at mountComponent (http://localhost:5173/node_modules/.vite/deps/chunk-LZ3HUG3H.js?v=602de535:8183:7)
    at processComponent (http://localhost:5173/node_modules/.vite/deps/chunk-LZ3HUG3H.js?v=602de535:8149:9)
    at patch (http://localhost:5173/node_modules/.vite/deps/chunk-LZ3HUG3H.js?v=602de535:7646:11)
    at ReactiveEffect.componentUpdateFn [as fn] (http://localhost:5173/node_modules/.vite/deps/chunk-LZ3HUG3H.js?v=602de535:8297:11)
    at ReactiveEffect.run (http://localhost:5173/node_modules/.vite/deps/chunk-LZ3HUG3H.js?v=602de535:507:19)
    at setupRenderEffect (http://localhost:5173/node_modules/.vite/deps/chunk-LZ3HUG3H.js?v=602de535:8425:5)
[  153427ms] ReferenceError: reactive is not defined
    at setup (http://localhost:5173/src/views/MemoryDetail.vue:30:23)
    at callWithErrorHandling (http://localhost:5173/node_modules/.vite/deps/chunk-LZ3HUG3H.js?v=602de535:2351:19)
    at setupStatefulComponent (http://localhost:5173/node_modules/.vite/deps/chunk-LZ3HUG3H.js?v=602de535:10295:25)
    at setupComponent (http://localhost:5173/node_modules/.vite/deps/chunk-LZ3HUG3H.js?v=602de535:10257:36)
    at mountComponent (http://localhost:5173/node_modules/.vite/deps/chunk-LZ3HUG3H.js?v=602de535:8183:7)
    at processComponent (http://localhost:5173/node_modules/.vite/deps/chunk-LZ3HUG3H.js?v=602de535:8149:9)
    at patch (http://localhost:5173/node_modules/.vite/deps/chunk-LZ3HUG3H.js?v=602de535:7646:11)
    at ReactiveEffect.componentUpdateFn [as fn] (http://localhost:5173/node_modules/.vite/deps/chunk-LZ3HUG3H.js?v=602de535:8297:11)
    at ReactiveEffect.run (http://localhost:5173/node_modules/.vite/deps/chunk-LZ3HUG3H.js?v=602de535:507:19)
    at setupRenderEffect (http://localhost:5173/node_modules/.vite/deps/chunk-LZ3HUG3H.js?v=602de535:8425:5)
[  153428ms] ReferenceError: reactive is not defined
    at setup (http://localhost:5173/src/views/MemoryDetail.vue:30:23)
    at callWithErrorHandling (http://localhost:5173/node_modules/.vite/deps/chunk-LZ3HUG3H.js?v=602de535:2351:19)
    at setupStatefulComponent (http://localhost:5173/node_modules/.vite/deps/chunk-LZ3HUG3H.js?v=602de535:10295:25)
    at setupComponent (http://localhost:5173/node_modules/.vite/deps/chunk-LZ3HUG3H.js?v=602de535:10257:36)
    at mountComponent (http://localhost:5173/node_modules/.vite/deps/chunk-LZ3HUG3H.js?v=602de535:8183:7)
    at processComponent (http://localhost:5173/node_modules/.vite/deps/chunk-LZ3HUG3H.js?v=602de535:8149:9)
    at patch (http://localhost:5173/node_modules/.vite/deps/chunk-LZ3HUG3H.js?v=602de535:7646:11)
    at ReactiveEffect.componentUpdateFn [as fn] (http://localhost:5173/node_modules/.vite/deps/chunk-LZ3HUG3H.js?v=602de535:8297:11)
    at ReactiveEffect.run (http://localhost:5173/node_modules/.vite/deps/chunk-LZ3HUG3H.js?v=602de535:507:19)
    at setupRenderEffect (http://localhost:5173/node_modules/.vite/deps/chunk-LZ3HUG3H.js?v=602de535:8425:5)
[  153429ms] ReferenceError: reactive is not defined
    at setup (http://localhost:5173/src/views/MemoryDetail.vue:30:23)
    at callWithErrorHandling (http://localhost:5173/node_modules/.vite/deps/chunk-LZ3HUG3H.js?v=602de535:2351:19)
    at setupStatefulComponent (http://localhost:5173/node_modules/.vite/deps/chunk-LZ3HUG3H.js?v=602de535:10295:25)
    at setupComponent (http://localhost:5173/node_modules/.vite/deps/chunk-LZ3HUG3H.js?v=602de535:10257:36)
    at mountComponent (http://localhost:5173/node_modules/.vite/deps/chunk-LZ3HUG3H.js?v=602de535:8183:7)
    at processComponent (http://localhost:5173/node_modules/.vite/deps/chunk-LZ3HUG3H.js?v=602de535:8149:9)
    at patch (http://localhost:5173/node_modules/.vite/deps/chunk-LZ3HUG3H.js?v=602de535:7646:11)
    at ReactiveEffect.componentUpdateFn [as fn] (http://localhost:5173/node_modules/.vite/deps/chunk-LZ3HUG3H.js?v=602de535:8297:11)
    at ReactiveEffect.run (http://localhost:5173/node_modules/.vite/deps/chunk-LZ3HUG3H.js?v=602de535:507:19)
    at setupRenderEffect (http://localhost:5173/node_modules/.vite/deps/chunk-LZ3HUG3H.js?v=602de535:8425:5)
[  153430ms] ReferenceError: reactive is not defined
    at setup (http://localhost:5173/src/views/MemoryDetail.vue:30:23)
    at callWithErrorHandling (http://localhost:5173/node_modules/.vite/deps/chunk-LZ3HUG3H.js?v=602de535:2351:19)
    at setupStatefulComponent (http://localhost:5173/node_modules/.vite/deps/chunk-LZ3HUG3H.js?v=602de535:10295:25)
    at setupComponent (http://localhost:5173/node_modules/.vite/deps/chunk-LZ3HUG3H.js?v=602de535:10257:36)
    at mountComponent (http://localhost:5173/node_modules/.vite/deps/chunk-LZ3HUG3H.js?v=602de535:8183:7)
    at processComponent (http://localhost:5173/node_modules/.vite/deps/chunk-LZ3HUG3H.js?v=602de535:8149:9)
    at patch (http://localhost:5173/node_modules/.vite/deps/chunk-LZ3HUG3H.js?v=602de535:7646:11)
    at ReactiveEffect.componentUpdateFn [as fn] (http://localhost:5173/node_modules/.vite/deps/chunk-LZ3HUG3H.js?v=602de535:8297:11)
    at ReactiveEffect.run (http://localhost:5173/node_modules/.vite/deps/chunk-LZ3HUG3H.js?v=602de535:507:19)
    at setupRenderEffect (http://localhost:5173/node_modules/.vite/deps/chunk-LZ3HUG3H.js?v=602de535:8425:5)
[  153432ms] ReferenceError: reactive is not defined
    at setup (http://localhost:5173/src/views/MemoryDetail.vue:30:23)
    at callWithErrorHandling (http://localhost:5173/node_modules/.vite/deps/chunk-LZ3HUG3H.js?v=602de535:2351:19)
    at setupStatefulComponent (http://localhost:5173/node_modules/.vite/deps/chunk-LZ3HUG3H.js?v=602de535:10295:25)
    at setupComponent (http://localhost:5173/node_modules/.vite/deps/chunk-LZ3HUG3H.js?v=602de535:10257:36)
    at mountComponent (http://localhost:5173/node_modules/.vite/deps/chunk-LZ3HUG3H.js?v=602de535:8183:7)
    at processComponent (http://localhost:5173/node_modules/.vite/deps/chunk-LZ3HUG3H.js?v=602de535:8149:9)
    at patch (http://localhost:5173/node_modules/.vite/deps/chunk-LZ3HUG3H.js?v=602de535:7646:11)
    at ReactiveEffect.componentUpdateFn [as fn] (http://localhost:5173/node_modules/.vite/deps/chunk-LZ3HUG3H.js?v=602de535:8297:11)
    at ReactiveEffect.run (http://localhost:5173/node_modules/.vite/deps/chunk-LZ3HUG3H.js?v=602de535:507:19)
    at setupRenderEffect (http://localhost:5173/node_modules/.vite/deps/chunk-LZ3HUG3H.js?v=602de535:8425:5)
[  153433ms] ReferenceError: reactive is not defined
    at setup (http://localhost:5173/src/views/MemoryDetail.vue:30:23)
    at callWithErrorHandling (http://localhost:5173/node_modules/.vite/deps/chunk-LZ3HUG3H.js?v=602de535:2351:19)
    at setupStatefulComponent (http://localhost:5173/node_modules/.vite/deps/chunk-LZ3HUG3H.js?v=602de535:10295:25)
    at setupComponent (http://localhost:5173/node_modules/.vite/deps/chunk-LZ3HUG3H.js?v=602de535:10257:36)
    at mountComponent (http://localhost:5173/node_modules/.vite/deps/chunk-LZ3HUG3H.js?v=602de535:8183:7)
    at processComponent (http://localhost:5173/node_modules/.vite/deps/chunk-LZ3HUG3H.js?v=602de535:8149:9)
    at patch (http://localhost:5173/node_modules/.vite/deps/chunk-LZ3HUG3H.js?v=602de535:7646:11)
    at ReactiveEffect.componentUpdateFn [as fn] (http://localhost:5173/node_modules/.vite/deps/chunk-LZ3HUG3H.js?v=602de535:8297:11)
    at ReactiveEffect.run (http://localhost:5173/node_modules/.vite/deps/chunk-LZ3HUG3H.js?v=602de535:507:19)
    at setupRenderEffect (http://localhost:5173/node_modules/.vite/deps/chunk-LZ3HUG3H.js?v=602de535:8425:5)
[  153434ms] ReferenceError: reactive is not defined
    at setup (http://localhost:5173/src/views/MemoryDetail.vue:30:23)
    at callWithErrorHandling (http://localhost:5173/node_modules/.vite/deps/chunk-LZ3HUG3H.js?v=602de535:2351:19)
    at setupStatefulComponent (http://localhost:5173/node_modules/.vite/deps/chunk-LZ3HUG3H.js?v=602de535:10295:25)
    at setupComponent (http://localhost:5173/node_modules/.vite/deps/chunk-LZ3HUG3H.js?v=602de535:10257:36)
    at mountComponent (http://localhost:5173/node_modules/.vite/deps/chunk-LZ3HUG3H.js?v=602de535:8183:7)
    at processComponent (http://localhost:5173/node_modules/.vite/deps/chunk-LZ3HUG3H.js?v=602de535:8149:9)
    at patch (http://localhost:5173/node_modules/.vite/deps/chunk-LZ3HUG3H.js?v=602de535:7646:11)
    at ReactiveEffect.componentUpdateFn [as fn] (http://localhost:5173/node_modules/.vite/deps/chunk-LZ3HUG3H.js?v=602de535:8297:11)
    at ReactiveEffect.run (http://localhost:5173/node_modules/.vite/deps/chunk-LZ3HUG3H.js?v=602de535:507:19)
    at setupRenderEffect (http://localhost:5173/node_modules/.vite/deps/chunk-LZ3HUG3H.js?v=602de535:8425:5)
[  153435ms] ReferenceError: reactive is not defined
    at setup (http://localhost:5173/src/views/MemoryDetail.vue:30:23)
    at callWithErrorHandling (http://localhost:5173/node_modules/.vite/deps/chunk-LZ3HUG3H.js?v=602de535:2351:19)
    at setupStatefulComponent (http://localhost:5173/node_modules/.vite/deps/chunk-LZ3HUG3H.js?v=602de535:10295:25)
    at setupComponent (http://localhost:5173/node_modules/.vite/deps/chunk-LZ3HUG3H.js?v=602de535:10257:36)
    at mountComponent (http://localhost:5173/node_modules/.vite/deps/chunk-LZ3HUG3H.js?v=602de535:8183:7)
    at processComponent (http://localhost:5173/node_modules/.vite/deps/chunk-LZ3HUG3H.js?v=602de535:8149:9)
    at patch (http://localhost:5173/node_modules/.vite/deps/chunk-LZ3HUG3H.js?v=602de535:7646:11)
    at ReactiveEffect.componentUpdateFn [as fn] (http://localhost:5173/node_modules/.vite/deps/chunk-LZ3HUG3H.js?v=602de535:8297:11)
    at ReactiveEffect.run (http://localhost:5173/node_modules/.vite/deps/chunk-LZ3HUG3H.js?v=602de535:507:19)
    at setupRenderEffect (http://localhost:5173/node_modules/.vite/deps/chunk-LZ3HUG3H.js?v=602de535:8425:5)
[  153435ms] ReferenceError: reactive is not defined
    at setup (http://localhost:5173/src/views/MemoryDetail.vue:30:23)
    at callWithErrorHandling (http://localhost:5173/node_modules/.vite/deps/chunk-LZ3HUG3H.js?v=602de535:2351:19)
    at setupStatefulComponent (http://localhost:5173/node_modules/.vite/deps/chunk-LZ3HUG3H.js?v=602de535:10295:25)
    at setupComponent (http://localhost:5173/node_modules/.vite/deps/chunk-LZ3HUG3H.js?v=602de535:10257:36)
    at mountComponent (http://localhost:5173/node_modules/.vite/deps/chunk-LZ3HUG3H.js?v=602de535:8183:7)
    at processComponent (http://localhost:5173/node_modules/.vite/deps/chunk-LZ3HUG3H.js?v=602de535:8149:9)
    at patch (http://localhost:5173/node_modules/.vite/deps/chunk-LZ3HUG3H.js?v=602de535:7646:11)
    at ReactiveEffect.componentUpdateFn [as fn] (http://localhost:5173/node_modules/.vite/deps/chunk-LZ3HUG3H.js?v=602de535:8297:11)
    at ReactiveEffect.run (http://localhost:5173/node_modules/.vite/deps/chunk-LZ3HUG3H.js?v=602de535:507:19)
    at setupRenderEffect (http://localhost:5173/node_modules/.vite/deps/chunk-LZ3HUG3H.js?v=602de535:8425:5)
[  153436ms] ReferenceError: reactive is not defined
    at setup (http://localhost:5173/src/views/MemoryDetail.vue:30:23)
    at callWithErrorHandling (http://localhost:5173/node_modules/.vite/deps/chunk-LZ3HUG3H.js?v=602de535:2351:19)
    at setupStatefulComponent (http://localhost:5173/node_modules/.vite/deps/chunk-LZ3HUG3H.js?v=602de535:10295:25)
    at setupComponent (http://localhost:5173/node_modules/.vite/deps/chunk-LZ3HUG3H.js?v=602de535:10257:36)
    at mountComponent (http://localhost:5173/node_modules/.vite/deps/chunk-LZ3HUG3H.js?v=602de535:8183:7)
    at processComponent (http://localhost:5173/node_modules/.vite/deps/chunk-LZ3HUG3H.js?v=602de535:8149:9)
    at patch (http://localhost:5173/node_modules/.vite/deps/chunk-LZ3HUG3H.js?v=602de535:7646:11)
    at ReactiveEffect.componentUpdateFn [as fn] (http://localhost:5173/node_modules/.vite/deps/chunk-LZ3HUG3H.js?v=602de535:8297:11)
    at ReactiveEffect.run (http://localhost:5173/node_modules/.vite/deps/chunk-LZ3HUG3H.js?v=602de535:507:19)
    at setupRenderEffect (http://localhost:5173/node_modules/.vite/deps/chunk-LZ3HUG3H.js?v=602de535:8425:5)
[  153436ms] ReferenceError: reactive is not defined
    at setup (http://localhost:5173/src/views/MemoryDetail.vue:30:23)
    at callWithErrorHandling (http://localhost:5173/node_modules/.vite/deps/chunk-LZ3HUG3H.js?v=602de535:2351:19)
    at setupStatefulComponent (http://localhost:5173/node_modules/.vite/deps/chunk-LZ3HUG3H.js?v=602de535:10295:25)
    at setupComponent (http://localhost:5173/node_modules/.vite/deps/chunk-LZ3HUG3H.js?v=602de535:10257:36)
    at mountComponent (http://localhost:5173/node_modules/.vite/deps/chunk-LZ3HUG3H.js?v=602de535:8183:7)
    at processComponent (http://localhost:5173/node_modules/.vite/deps/chunk-LZ3HUG3H.js?v=602de535:8149:9)
    at patch (http://localhost:5173/node_modules/.vite/deps/chunk-LZ3HUG3H.js?v=602de535:7646:11)
    at ReactiveEffect.componentUpdateFn [as fn] (http://localhost:5173/node_modules/.vite/deps/chunk-LZ3HUG3H.js?v=602de535:8297:11)
    at ReactiveEffect.run (http://localhost:5173/node_modules/.vite/deps/chunk-LZ3HUG3H.js?v=602de535:507:19)
    at setupRenderEffect (http://localhost:5173/node_modules/.vite/deps/chunk-LZ3HUG3H.js?v=602de535:8425:5)
[  153437ms] ReferenceError: reactive is not defined
    at setup (http://localhost:5173/src/views/MemoryDetail.vue:30:23)
    at callWithErrorHandling (http://localhost:5173/node_modules/.vite/deps/chunk-LZ3HUG3H.js?v=602de535:2351:19)
    at setupStatefulComponent (http://localhost:5173/node_modules/.vite/deps/chunk-LZ3HUG3H.js?v=602de535:10295:25)
    at setupComponent (http://localhost:5173/node_modules/.vite/deps/chunk-LZ3HUG3H.js?v=602de535:10257:36)
    at mountComponent (http://localhost:5173/node_modules/.vite/deps/chunk-LZ3HUG3H.js?v=602de535:8183:7)
    at processComponent (http://localhost:5173/node_modules/.vite/deps/chunk-LZ3HUG3H.js?v=602de535:8149:9)
    at patch (http://localhost:5173/node_modules/.vite/deps/chunk-LZ3HUG3H.js?v=602de535:7646:11)
    at ReactiveEffect.componentUpdateFn [as fn] (http://localhost:5173/node_modules/.vite/deps/chunk-LZ3HUG3H.js?v=602de535:8297:11)
    at ReactiveEffect.run (http://localhost:5173/node_modules/.vite/deps/chunk-LZ3HUG3H.js?v=602de535:507:19)
    at setupRenderEffect (http://localhost:5173/node_modules/.vite/deps/chunk-LZ3HUG3H.js?v=602de535:8425:5)
[  153437ms] ReferenceError: reactive is not defined
    at setup (http://localhost:5173/src/views/MemoryDetail.vue:30:23)
    at callWithErrorHandling (http://localhost:5173/node_modules/.vite/deps/chunk-LZ3HUG3H.js?v=602de535:2351:19)
    at setupStatefulComponent (http://localhost:5173/node_modules/.vite/deps/chunk-LZ3HUG3H.js?v=602de535:10295:25)
    at setupComponent (http://localhost:5173/node_modules/.vite/deps/chunk-LZ3HUG3H.js?v=602de535:10257:36)
    at mountComponent (http://localhost:5173/node_modules/.vite/deps/chunk-LZ3HUG3H.js?v=602de535:8183:7)
    at processComponent (http://localhost:5173/node_modules/.vite/deps/chunk-LZ3HUG3H.js?v=602de535:8149:9)
    at patch (http://localhost:5173/node_modules/.vite/deps/chunk-LZ3HUG3H.js?v=602de535:7646:11)
    at ReactiveEffect.componentUpdateFn [as fn] (http://localhost:5173/node_modules/.vite/deps/chunk-LZ3HUG3H.js?v=602de535:8297:11)
    at ReactiveEffect.run (http://localhost:5173/node_modules/.vite/deps/chunk-LZ3HUG3H.js?v=602de535:507:19)
    at setupRenderEffect (http://localhost:5173/node_modules/.vite/deps/chunk-LZ3HUG3H.js?v=602de535:8425:5)
[  153437ms] ReferenceError: reactive is not defined
    at setup (http://localhost:5173/src/views/MemoryDetail.vue:30:23)
    at callWithErrorHandling (http://localhost:5173/node_modules/.vite/deps/chunk-LZ3HUG3H.js?v=602de535:2351:19)
    at setupStatefulComponent (http://localhost:5173/node_modules/.vite/deps/chunk-LZ3HUG3H.js?v=602de535:10295:25)
    at setupComponent (http://localhost:5173/node_modules/.vite/deps/chunk-LZ3HUG3H.js?v=602de535:10257:36)
    at mountComponent (http://localhost:5173/node_modules/.vite/deps/chunk-LZ3HUG3H.js?v=602de535:8183:7)
    at processComponent (http://localhost:5173/node_modules/.vite/deps/chunk-LZ3HUG3H.js?v=602de535:8149:9)
    at patch (http://localhost:5173/node_modules/.vite/deps/chunk-LZ3HUG3H.js?v=602de535:7646:11)
    at ReactiveEffect.componentUpdateFn [as fn] (http://localhost:5173/node_modules/.vite/deps/chunk-LZ3HUG3H.js?v=602de535:8297:11)
    at ReactiveEffect.run (http://localhost:5173/node_modules/.vite/deps/chunk-LZ3HUG3H.js?v=602de535:507:19)
    at setupRenderEffect (http://localhost:5173/node_modules/.vite/deps/chunk-LZ3HUG3H.js?v=602de535:8425:5)
[  153438ms] ReferenceError: reactive is not defined
    at setup (http://localhost:5173/src/views/MemoryDetail.vue:30:23)
    at callWithErrorHandling (http://localhost:5173/node_modules/.vite/deps/chunk-LZ3HUG3H.js?v=602de535:2351:19)
    at setupStatefulComponent (http://localhost:5173/node_modules/.vite/deps/chunk-LZ3HUG3H.js?v=602de535:10295:25)
    at setupComponent (http://localhost:5173/node_modules/.vite/deps/chunk-LZ3HUG3H.js?v=602de535:10257:36)
    at mountComponent (http://localhost:5173/node_modules/.vite/deps/chunk-LZ3HUG3H.js?v=602de535:8183:7)
    at processComponent (http://localhost:5173/node_modules/.vite/deps/chunk-LZ3HUG3H.js?v=602de535:8149:9)
    at patch (http://localhost:5173/node_modules/.vite/deps/chunk-LZ3HUG3H.js?v=602de535:7646:11)
    at ReactiveEffect.componentUpdateFn [as fn] (http://localhost:5173/node_modules/.vite/deps/chunk-LZ3HUG3H.js?v=602de535:8297:11)
    at ReactiveEffect.run (http://localhost:5173/node_modules/.vite/deps/chunk-LZ3HUG3H.js?v=602de535:507:19)
    at setupRenderEffect (http://localhost:5173/node_modules/.vite/deps/chunk-LZ3HUG3H.js?v=602de535:8425:5)
[  153438ms] ReferenceError: reactive is not defined
    at setup (http://localhost:5173/src/views/MemoryDetail.vue:30:23)
    at callWithErrorHandling (http://localhost:5173/node_modules/.vite/deps/chunk-LZ3HUG3H.js?v=602de535:2351:19)
    at setupStatefulComponent (http://localhost:5173/node_modules/.vite/deps/chunk-LZ3HUG3H.js?v=602de535:10295:25)
    at setupComponent (http://localhost:5173/node_modules/.vite/deps/chunk-LZ3HUG3H.js?v=602de535:10257:36)
    at mountComponent (http://localhost:5173/node_modules/.vite/deps/chunk-LZ3HUG3H.js?v=602de535:8183:7)
    at processComponent (http://localhost:5173/node_modules/.vite/deps/chunk-LZ3HUG3H.js?v=602de535:8149:9)
    at patch (http://localhost:5173/node_modules/.vite/deps/chunk-LZ3HUG3H.js?v=602de535:7646:11)
    at ReactiveEffect.componentUpdateFn [as fn] (http://localhost:5173/node_modules/.vite/deps/chunk-LZ3HUG3H.js?v=602de535:8297:11)
    at ReactiveEffect.run (http://localhost:5173/node_modules/.vite/deps/chunk-LZ3HUG3H.js?v=602de535:507:19)
    at setupRenderEffect (http://localhost:5173/node_modules/.vite/deps/chunk-LZ3HUG3H.js?v=602de535:8425:5)
[  153438ms] ReferenceError: reactive is not defined
    at setup (http://localhost:5173/src/views/MemoryDetail.vue:30:23)
    at callWithErrorHandling (http://localhost:5173/node_modules/.vite/deps/chunk-LZ3HUG3H.js?v=602de535:2351:19)
    at setupStatefulComponent (http://localhost:5173/node_modules/.vite/deps/chunk-LZ3HUG3H.js?v=602de535:10295:25)
    at setupComponent (http://localhost:5173/node_modules/.vite/deps/chunk-LZ3HUG3H.js?v=602de535:10257:36)
    at mountComponent (http://localhost:5173/node_modules/.vite/deps/chunk-LZ3HUG3H.js?v=602de535:8183:7)
    at processComponent (http://localhost:5173/node_modules/.vite/deps/chunk-LZ3HUG3H.js?v=602de535:8149:9)
    at patch (http://localhost:5173/node_modules/.vite/deps/chunk-LZ3HUG3H.js?v=602de535:7646:11)
    at ReactiveEffect.componentUpdateFn [as fn] (http://localhost:5173/node_modules/.vite/deps/chunk-LZ3HUG3H.js?v=602de535:8297:11)
    at ReactiveEffect.run (http://localhost:5173/node_modules/.vite/deps/chunk-LZ3HUG3H.js?v=602de535:507:19)
    at setupRenderEffect (http://localhost:5173/node_modules/.vite/deps/chunk-LZ3HUG3H.js?v=602de535:8425:5)
[  153439ms] ReferenceError: reactive is not defined
    at setup (http://localhost:5173/src/views/MemoryDetail.vue:30:23)
    at callWithErrorHandling (http://localhost:5173/node_modules/.vite/deps/chunk-LZ3HUG3H.js?v=602de535:2351:19)
    at setupStatefulComponent (http://localhost:5173/node_modules/.vite/deps/chunk-LZ3HUG3H.js?v=602de535:10295:25)
    at setupComponent (http://localhost:5173/node_modules/.vite/deps/chunk-LZ3HUG3H.js?v=602de535:10257:36)
    at mountComponent (http://localhost:5173/node_modules/.vite/deps/chunk-LZ3HUG3H.js?v=602de535:8183:7)
    at processComponent (http://localhost:5173/node_modules/.vite/deps/chunk-LZ3HUG3H.js?v=602de535:8149:9)
    at patch (http://localhost:5173/node_modules/.vite/deps/chunk-LZ3HUG3H.js?v=602de535:7646:11)
    at ReactiveEffect.componentUpdateFn [as fn] (http://localhost:5173/node_modules/.vite/deps/chunk-LZ3HUG3H.js?v=602de535:8297:11)
    at ReactiveEffect.run (http://localhost:5173/node_modules/.vite/deps/chunk-LZ3HUG3H.js?v=602de535:507:19)
    at setupRenderEffect (http://localhost:5173/node_modules/.vite/deps/chunk-LZ3HUG3H.js?v=602de535:8425:5)
[  153439ms] ReferenceError: reactive is not defined
    at setup (http://localhost:5173/src/views/MemoryDetail.vue:30:23)
    at callWithErrorHandling (http://localhost:5173/node_modules/.vite/deps/chunk-LZ3HUG3H.js?v=602de535:2351:19)
    at setupStatefulComponent (http://localhost:5173/node_modules/.vite/deps/chunk-LZ3HUG3H.js?v=602de535:10295:25)
    at setupComponent (http://localhost:5173/node_modules/.vite/deps/chunk-LZ3HUG3H.js?v=602de535:10257:36)
    at mountComponent (http://localhost:5173/node_modules/.vite/deps/chunk-LZ3HUG3H.js?v=602de535:8183:7)
    at processComponent (http://localhost:5173/node_modules/.vite/deps/chunk-LZ3HUG3H.js?v=602de535:8149:9)
    at patch (http://localhost:5173/node_modules/.vite/deps/chunk-LZ3HUG3H.js?v=602de535:7646:11)
    at ReactiveEffect.componentUpdateFn [as fn] (http://localhost:5173/node_modules/.vite/deps/chunk-LZ3HUG3H.js?v=602de535:8297:11)
    at ReactiveEffect.run (http://localhost:5173/node_modules/.vite/deps/chunk-LZ3HUG3H.js?v=602de535:507:19)
    at setupRenderEffect (http://localhost:5173/node_modules/.vite/deps/chunk-LZ3HUG3H.js?v=602de535:8425:5)
[  153440ms] ReferenceError: reactive is not defined
    at setup (http://localhost:5173/src/views/MemoryDetail.vue:30:23)
    at callWithErrorHandling (http://localhost:5173/node_modules/.vite/deps/chunk-LZ3HUG3H.js?v=602de535:2351:19)
    at setupStatefulComponent (http://localhost:5173/node_modules/.vite/deps/chunk-LZ3HUG3H.js?v=602de535:10295:25)
    at setupComponent (http://localhost:5173/node_modules/.vite/deps/chunk-LZ3HUG3H.js?v=602de535:10257:36)
    at mountComponent (http://localhost:5173/node_modules/.vite/deps/chunk-LZ3HUG3H.js?v=602de535:8183:7)
    at processComponent (http://localhost:5173/node_modules/.vite/deps/chunk-LZ3HUG3H.js?v=602de535:8149:9)
    at patch (http://localhost:5173/node_modules/.vite/deps/chunk-LZ3HUG3H.js?v=602de535:7646:11)
    at ReactiveEffect.componentUpdateFn [as fn] (http://localhost:5173/node_modules/.vite/deps/chunk-LZ3HUG3H.js?v=602de535:8297:11)
    at ReactiveEffect.run (http://localhost:5173/node_modules/.vite/deps/chunk-LZ3HUG3H.js?v=602de535:507:19)
    at setupRenderEffect (http://localhost:5173/node_modules/.vite/deps/chunk-LZ3HUG3H.js?v=602de535:8425:5)
[  153440ms] ReferenceError: reactive is not defined
    at setup (http://localhost:5173/src/views/MemoryDetail.vue:30:23)
    at callWithErrorHandling (http://localhost:5173/node_modules/.vite/deps/chunk-LZ3HUG3H.js?v=602de535:2351:19)
    at setupStatefulComponent (http://localhost:5173/node_modules/.vite/deps/chunk-LZ3HUG3H.js?v=602de535:10295:25)
    at setupComponent (http://localhost:5173/node_modules/.vite/deps/chunk-LZ3HUG3H.js?v=602de535:10257:36)
    at mountComponent (http://localhost:5173/node_modules/.vite/deps/chunk-LZ3HUG3H.js?v=602de535:8183:7)
    at processComponent (http://localhost:5173/node_modules/.vite/deps/chunk-LZ3HUG3H.js?v=602de535:8149:9)
    at patch (http://localhost:5173/node_modules/.vite/deps/chunk-LZ3HUG3H.js?v=602de535:7646:11)
    at ReactiveEffect.componentUpdateFn [as fn] (http://localhost:5173/node_modules/.vite/deps/chunk-LZ3HUG3H.js?v=602de535:8297:11)
    at ReactiveEffect.run (http://localhost:5173/node_modules/.vite/deps/chunk-LZ3HUG3H.js?v=602de535:507:19)
    at setupRenderEffect (http://localhost:5173/node_modules/.vite/deps/chunk-LZ3HUG3H.js?v=602de535:8425:5)
[  153441ms] ReferenceError: reactive is not defined
    at setup (http://localhost:5173/src/views/MemoryDetail.vue:30:23)
    at callWithErrorHandling (http://localhost:5173/node_modules/.vite/deps/chunk-LZ3HUG3H.js?v=602de535:2351:19)
    at setupStatefulComponent (http://localhost:5173/node_modules/.vite/deps/chunk-LZ3HUG3H.js?v=602de535:10295:25)
    at setupComponent (http://localhost:5173/node_modules/.vite/deps/chunk-LZ3HUG3H.js?v=602de535:10257:36)
    at mountComponent (http://localhost:5173/node_modules/.vite/deps/chunk-LZ3HUG3H.js?v=602de535:8183:7)
    at processComponent (http://localhost:5173/node_modules/.vite/deps/chunk-LZ3HUG3H.js?v=602de535:8149:9)
    at patch (http://localhost:5173/node_modules/.vite/deps/chunk-LZ3HUG3H.js?v=602de535:7646:11)
    at ReactiveEffect.componentUpdateFn [as fn] (http://localhost:5173/node_modules/.vite/deps/chunk-LZ3HUG3H.js?v=602de535:8297:11)
    at ReactiveEffect.run (http://localhost:5173/node_modules/.vite/deps/chunk-LZ3HUG3H.js?v=602de535:507:19)
    at setupRenderEffect (http://localhost:5173/node_modules/.vite/deps/chunk-LZ3HUG3H.js?v=602de535:8425:5)
[  153441ms] ReferenceError: reactive is not defined
    at setup (http://localhost:5173/src/views/MemoryDetail.vue:30:23)
    at callWithErrorHandling (http://localhost:5173/node_modules/.vite/deps/chunk-LZ3HUG3H.js?v=602de535:2351:19)
    at setupStatefulComponent (http://localhost:5173/node_modules/.vite/deps/chunk-LZ3HUG3H.js?v=602de535:10295:25)
    at setupComponent (http://localhost:5173/node_modules/.vite/deps/chunk-LZ3HUG3H.js?v=602de535:10257:36)
    at mountComponent (http://localhost:5173/node_modules/.vite/deps/chunk-LZ3HUG3H.js?v=602de535:8183:7)
    at processComponent (http://localhost:5173/node_modules/.vite/deps/chunk-LZ3HUG3H.js?v=602de535:8149:9)
    at patch (http://localhost:5173/node_modules/.vite/deps/chunk-LZ3HUG3H.js?v=602de535:7646:11)
    at ReactiveEffect.componentUpdateFn [as fn] (http://localhost:5173/node_modules/.vite/deps/chunk-LZ3HUG3H.js?v=602de535:8297:11)
    at ReactiveEffect.run (http://localhost:5173/node_modules/.vite/deps/chunk-LZ3HUG3H.js?v=602de535:507:19)
    at setupRenderEffect (http://localhost:5173/node_modules/.vite/deps/chunk-LZ3HUG3H.js?v=602de535:8425:5)
[  153442ms] ReferenceError: reactive is not defined
    at setup (http://localhost:5173/src/views/MemoryDetail.vue:30:23)
    at callWithErrorHandling (http://localhost:5173/node_modules/.vite/deps/chunk-LZ3HUG3H.js?v=602de535:2351:19)
    at setupStatefulComponent (http://localhost:5173/node_modules/.vite/deps/chunk-LZ3HUG3H.js?v=602de535:10295:25)
    at setupComponent (http://localhost:5173/node_modules/.vite/deps/chunk-LZ3HUG3H.js?v=602de535:10257:36)
    at mountComponent (http://localhost:5173/node_modules/.vite/deps/chunk-LZ3HUG3H.js?v=602de535:8183:7)
    at processComponent (http://localhost:5173/node_modules/.vite/deps/chunk-LZ3HUG3H.js?v=602de535:8149:9)
    at patch (http://localhost:5173/node_modules/.vite/deps/chunk-LZ3HUG3H.js?v=602de535:7646:11)
    at ReactiveEffect.componentUpdateFn [as fn] (http://localhost:5173/node_modules/.vite/deps/chunk-LZ3HUG3H.js?v=602de535:8297:11)
    at ReactiveEffect.run (http://localhost:5173/node_modules/.vite/deps/chunk-LZ3HUG3H.js?v=602de535:507:19)
    at setupRenderEffect (http://localhost:5173/node_modules/.vite/deps/chunk-LZ3HUG3H.js?v=602de535:8425:5)
[  153442ms] ReferenceError: reactive is not defined
    at setup (http://localhost:5173/src/views/MemoryDetail.vue:30:23)
    at callWithErrorHandling (http://localhost:5173/node_modules/.vite/deps/chunk-LZ3HUG3H.js?v=602de535:2351:19)
    at setupStatefulComponent (http://localhost:5173/node_modules/.vite/deps/chunk-LZ3HUG3H.js?v=602de535:10295:25)
    at setupComponent (http://localhost:5173/node_modules/.vite/deps/chunk-LZ3HUG3H.js?v=602de535:10257:36)
    at mountComponent (http://localhost:5173/node_modules/.vite/deps/chunk-LZ3HUG3H.js?v=602de535:8183:7)
    at processComponent (http://localhost:5173/node_modules/.vite/deps/chunk-LZ3HUG3H.js?v=602de535:8149:9)
    at patch (http://localhost:5173/node_modules/.vite/deps/chunk-LZ3HUG3H.js?v=602de535:7646:11)
    at ReactiveEffect.componentUpdateFn [as fn] (http://localhost:5173/node_modules/.vite/deps/chunk-LZ3HUG3H.js?v=602de535:8297:11)
    at ReactiveEffect.run (http://localhost:5173/node_modules/.vite/deps/chunk-LZ3HUG3H.js?v=602de535:507:19)
    at setupRenderEffect (http://localhost:5173/node_modules/.vite/deps/chunk-LZ3HUG3H.js?v=602de535:8425:5)
[  153443ms] ReferenceError: reactive is not defined
    at setup (http://localhost:5173/src/views/MemoryDetail.vue:30:23)
    at callWithErrorHandling (http://localhost:5173/node_modules/.vite/deps/chunk-LZ3HUG3H.js?v=602de535:2351:19)
    at setupStatefulComponent (http://localhost:5173/node_modules/.vite/deps/chunk-LZ3HUG3H.js?v=602de535:10295:25)
    at setupComponent (http://localhost:5173/node_modules/.vite/deps/chunk-LZ3HUG3H.js?v=602de535:10257:36)
    at mountComponent (http://localhost:5173/node_modules/.vite/deps/chunk-LZ3HUG3H.js?v=602de535:8183:7)
    at processComponent (http://localhost:5173/node_modules/.vite/deps/chunk-LZ3HUG3H.js?v=602de535:8149:9)
    at patch (http://localhost:5173/node_modules/.vite/deps/chunk-LZ3HUG3H.js?v=602de535:7646:11)
    at ReactiveEffect.componentUpdateFn [as fn] (http://localhost:5173/node_modules/.vite/deps/chunk-LZ3HUG3H.js?v=602de535:8297:11)
    at ReactiveEffect.run (http://localhost:5173/node_modules/.vite/deps/chunk-LZ3HUG3H.js?v=602de535:507:19)
    at setupRenderEffect (http://localhost:5173/node_modules/.vite/deps/chunk-LZ3HUG3H.js?v=602de535:8425:5)
[  153444ms] ReferenceError: reactive is not defined
    at setup (http://localhost:5173/src/views/MemoryDetail.vue:30:23)
    at callWithErrorHandling (http://localhost:5173/node_modules/.vite/deps/chunk-LZ3HUG3H.js?v=602de535:2351:19)
    at setupStatefulComponent (http://localhost:5173/node_modules/.vite/deps/chunk-LZ3HUG3H.js?v=602de535:10295:25)
    at setupComponent (http://localhost:5173/node_modules/.vite/deps/chunk-LZ3HUG3H.js?v=602de535:10257:36)
    at mountComponent (http://localhost:5173/node_modules/.vite/deps/chunk-LZ3HUG3H.js?v=602de535:8183:7)
    at processComponent (http://localhost:5173/node_modules/.vite/deps/chunk-LZ3HUG3H.js?v=602de535:8149:9)
    at patch (http://localhost:5173/node_modules/.vite/deps/chunk-LZ3HUG3H.js?v=602de535:7646:11)
    at ReactiveEffect.componentUpdateFn [as fn] (http://localhost:5173/node_modules/.vite/deps/chunk-LZ3HUG3H.js?v=602de535:8297:11)
    at ReactiveEffect.run (http://localhost:5173/node_modules/.vite/deps/chunk-LZ3HUG3H.js?v=602de535:507:19)
    at setupRenderEffect (http://localhost:5173/node_modules/.vite/deps/chunk-LZ3HUG3H.js?v=602de535:8425:5)
[  153444ms] ReferenceError: reactive is not defined
    at setup (http://localhost:5173/src/views/MemoryDetail.vue:30:23)
    at callWithErrorHandling (http://localhost:5173/node_modules/.vite/deps/chunk-LZ3HUG3H.js?v=602de535:2351:19)
    at setupStatefulComponent (http://localhost:5173/node_modules/.vite/deps/chunk-LZ3HUG3H.js?v=602de535:10295:25)
    at setupComponent (http://localhost:5173/node_modules/.vite/deps/chunk-LZ3HUG3H.js?v=602de535:10257:36)
    at mountComponent (http://localhost:5173/node_modules/.vite/deps/chunk-LZ3HUG3H.js?v=602de535:8183:7)
    at processComponent (http://localhost:5173/node_modules/.vite/deps/chunk-LZ3HUG3H.js?v=602de535:8149:9)
    at patch (http://localhost:5173/node_modules/.vite/deps/chunk-LZ3HUG3H.js?v=602de535:7646:11)
    at ReactiveEffect.componentUpdateFn [as fn] (http://localhost:5173/node_modules/.vite/deps/chunk-LZ3HUG3H.js?v=602de535:8297:11)
    at ReactiveEffect.run (http://localhost:5173/node_modules/.vite/deps/chunk-LZ3HUG3H.js?v=602de535:507:19)
    at setupRenderEffect (http://localhost:5173/node_modules/.vite/deps/chunk-LZ3HUG3H.js?v=602de535:8425:5)
[  153445ms] ReferenceError: reactive is not defined
    at setup (http://localhost:5173/src/views/MemoryDetail.vue:30:23)
    at callWithErrorHandling (http://localhost:5173/node_modules/.vite/deps/chunk-LZ3HUG3H.js?v=602de535:2351:19)
    at setupStatefulComponent (http://localhost:5173/node_modules/.vite/deps/chunk-LZ3HUG3H.js?v=602de535:10295:25)
    at setupComponent (http://localhost:5173/node_modules/.vite/deps/chunk-LZ3HUG3H.js?v=602de535:10257:36)
    at mountComponent (http://localhost:5173/node_modules/.vite/deps/chunk-LZ3HUG3H.js?v=602de535:8183:7)
    at processComponent (http://localhost:5173/node_modules/.vite/deps/chunk-LZ3HUG3H.js?v=602de535:8149:9)
    at patch (http://localhost:5173/node_modules/.vite/deps/chunk-LZ3HUG3H.js?v=602de535:7646:11)
    at ReactiveEffect.componentUpdateFn [as fn] (http://localhost:5173/node_modules/.vite/deps/chunk-LZ3HUG3H.js?v=602de535:8297:11)
    at ReactiveEffect.run (http://localhost:5173/node_modules/.vite/deps/chunk-LZ3HUG3H.js?v=602de535:507:19)
    at setupRenderEffect (http://localhost:5173/node_modules/.vite/deps/chunk-LZ3HUG3H.js?v=602de535:8425:5)
[  153445ms] ReferenceError: reactive is not defined
    at setup (http://localhost:5173/src/views/MemoryDetail.vue:30:23)
    at callWithErrorHandling (http://localhost:5173/node_modules/.vite/deps/chunk-LZ3HUG3H.js?v=602de535:2351:19)
    at setupStatefulComponent (http://localhost:5173/node_modules/.vite/deps/chunk-LZ3HUG3H.js?v=602de535:10295:25)
    at setupComponent (http://localhost:5173/node_modules/.vite/deps/chunk-LZ3HUG3H.js?v=602de535:10257:36)
    at mountComponent (http://localhost:5173/node_modules/.vite/deps/chunk-LZ3HUG3H.js?v=602de535:8183:7)
    at processComponent (http://localhost:5173/node_modules/.vite/deps/chunk-LZ3HUG3H.js?v=602de535:8149:9)
    at patch (http://localhost:5173/node_modules/.vite/deps/chunk-LZ3HUG3H.js?v=602de535:7646:11)
    at ReactiveEffect.componentUpdateFn [as fn] (http://localhost:5173/node_modules/.vite/deps/chunk-LZ3HUG3H.js?v=602de535:8297:11)
    at ReactiveEffect.run (http://localhost:5173/node_modules/.vite/deps/chunk-LZ3HUG3H.js?v=602de535:507:19)
    at setupRenderEffect (http://localhost:5173/node_modules/.vite/deps/chunk-LZ3HUG3H.js?v=602de535:8425:5)
[  153445ms] ReferenceError: reactive is not defined
    at setup (http://localhost:5173/src/views/MemoryDetail.vue:30:23)
    at callWithErrorHandling (http://localhost:5173/node_modules/.vite/deps/chunk-LZ3HUG3H.js?v=602de535:2351:19)
    at setupStatefulComponent (http://localhost:5173/node_modules/.vite/deps/chunk-LZ3HUG3H.js?v=602de535:10295:25)
    at setupComponent (http://localhost:5173/node_modules/.vite/deps/chunk-LZ3HUG3H.js?v=602de535:10257:36)
    at mountComponent (http://localhost:5173/node_modules/.vite/deps/chunk-LZ3HUG3H.js?v=602de535:8183:7)
    at processComponent (http://localhost:5173/node_modules/.vite/deps/chunk-LZ3HUG3H.js?v=602de535:8149:9)
    at patch (http://localhost:5173/node_modules/.vite/deps/chunk-LZ3HUG3H.js?v=602de535:7646:11)
    at ReactiveEffect.componentUpdateFn [as fn] (http://localhost:5173/node_modules/.vite/deps/chunk-LZ3HUG3H.js?v=602de535:8297:11)
    at ReactiveEffect.run (http://localhost:5173/node_modules/.vite/deps/chunk-LZ3HUG3H.js?v=602de535:507:19)
    at setupRenderEffect (http://localhost:5173/node_modules/.vite/deps/chunk-LZ3HUG3H.js?v=602de535:8425:5)
[  153446ms] ReferenceError: reactive is not defined
    at setup (http://localhost:5173/src/views/MemoryDetail.vue:30:23)
    at callWithErrorHandling (http://localhost:5173/node_modules/.vite/deps/chunk-LZ3HUG3H.js?v=602de535:2351:19)
    at setupStatefulComponent (http://localhost:5173/node_modules/.vite/deps/chunk-LZ3HUG3H.js?v=602de535:10295:25)
    at setupComponent (http://localhost:5173/node_modules/.vite/deps/chunk-LZ3HUG3H.js?v=602de535:10257:36)
    at mountComponent (http://localhost:5173/node_modules/.vite/deps/chunk-LZ3HUG3H.js?v=602de535:8183:7)
    at processComponent (http://localhost:5173/node_modules/.vite/deps/chunk-LZ3HUG3H.js?v=602de535:8149:9)
    at patch (http://localhost:5173/node_modules/.vite/deps/chunk-LZ3HUG3H.js?v=602de535:7646:11)
    at ReactiveEffect.componentUpdateFn [as fn] (http://localhost:5173/node_modules/.vite/deps/chunk-LZ3HUG3H.js?v=602de535:8297:11)
    at ReactiveEffect.run (http://localhost:5173/node_modules/.vite/deps/chunk-LZ3HUG3H.js?v=602de535:507:19)
    at setupRenderEffect (http://localhost:5173/node_modules/.vite/deps/chunk-LZ3HUG3H.js?v=602de535:8425:5)
[  157199ms] [WARNING] [Vue warn]: Unhandled error during execution of setup function 
  at <MemoryDetail onVnodeUnmounted=fn<onVnodeUnmounted> ref=Ref< undefined > > 
  at <BaseTransition mode="out-in" appear=false persisted=false  ... > 
  at <Transition name="fade" mode="out-in" > 
  at <RouterView> 
  at <Anonymous hasSider=undefined prefixCls="ant-layout-content" tagName="main"  ... > 
  at <ALayoutContent class="main-content" > 
  at <Anonymous hasSider=undefined prefixCls="ant-layout" tagName="section"  ... > 
  at <ALayout class="main-layout" style= {marginLeft: 220px} > 
  at <Anonymous hasSider=undefined prefixCls="ant-layout" tagName="section"  ... > 
  at <ALayout class="app-layout" > 
  at <AppLayout onVnodeUnmounted=fn<onVnodeUnmounted> ref=Ref< undefined > > 
  at <RouterView> 
  at <App> @ http://localhost:5173/node_modules/.vite/deps/chunk-LZ3HUG3H.js?v=602de535:2203
[  157200ms] [WARNING] [Vue warn]: Unhandled error during execution of component update 
  at <RouterView> 
  at <App> @ http://localhost:5173/node_modules/.vite/deps/chunk-LZ3HUG3H.js?v=602de535:2203
[  156373ms] ReferenceError: reactive is not defined
    at setup (http://localhost:5173/src/views/MemoryDetail.vue:30:23)
    at callWithErrorHandling (http://localhost:5173/node_modules/.vite/deps/chunk-LZ3HUG3H.js?v=602de535:2351:19)
    at setupStatefulComponent (http://localhost:5173/node_modules/.vite/deps/chunk-LZ3HUG3H.js?v=602de535:10295:25)
    at setupComponent (http://localhost:5173/node_modules/.vite/deps/chunk-LZ3HUG3H.js?v=602de535:10257:36)
    at mountComponent (http://localhost:5173/node_modules/.vite/deps/chunk-LZ3HUG3H.js?v=602de535:8183:7)
    at processComponent (http://localhost:5173/node_modules/.vite/deps/chunk-LZ3HUG3H.js?v=602de535:8149:9)
    at patch (http://localhost:5173/node_modules/.vite/deps/chunk-LZ3HUG3H.js?v=602de535:7646:11)
    at ReactiveEffect.componentUpdateFn [as fn] (http://localhost:5173/node_modules/.vite/deps/chunk-LZ3HUG3H.js?v=602de535:8297:11)
    at ReactiveEffect.run (http://localhost:5173/node_modules/.vite/deps/chunk-LZ3HUG3H.js?v=602de535:507:19)
    at setupRenderEffect (http://localhost:5173/node_modules/.vite/deps/chunk-LZ3HUG3H.js?v=602de535:8425:5)
[  156374ms] ReferenceError: reactive is not defined
    at setup (http://localhost:5173/src/views/MemoryDetail.vue:30:23)
    at callWithErrorHandling (http://localhost:5173/node_modules/.vite/deps/chunk-LZ3HUG3H.js?v=602de535:2351:19)
    at setupStatefulComponent (http://localhost:5173/node_modules/.vite/deps/chunk-LZ3HUG3H.js?v=602de535:10295:25)
    at setupComponent (http://localhost:5173/node_modules/.vite/deps/chunk-LZ3HUG3H.js?v=602de535:10257:36)
    at mountComponent (http://localhost:5173/node_modules/.vite/deps/chunk-LZ3HUG3H.js?v=602de535:8183:7)
    at processComponent (http://localhost:5173/node_modules/.vite/deps/chunk-LZ3HUG3H.js?v=602de535:8149:9)
    at patch (http://localhost:5173/node_modules/.vite/deps/chunk-LZ3HUG3H.js?v=602de535:7646:11)
    at ReactiveEffect.componentUpdateFn [as fn] (http://localhost:5173/node_modules/.vite/deps/chunk-LZ3HUG3H.js?v=602de535:8297:11)
    at ReactiveEffect.run (http://localhost:5173/node_modules/.vite/deps/chunk-LZ3HUG3H.js?v=602de535:507:19)
    at setupRenderEffect (http://localhost:5173/node_modules/.vite/deps/chunk-LZ3HUG3H.js?v=602de535:8425:5)
[  156374ms] ReferenceError: reactive is not defined
    at setup (http://localhost:5173/src/views/MemoryDetail.vue:30:23)
    at callWithErrorHandling (http://localhost:5173/node_modules/.vite/deps/chunk-LZ3HUG3H.js?v=602de535:2351:19)
    at setupStatefulComponent (http://localhost:5173/node_modules/.vite/deps/chunk-LZ3HUG3H.js?v=602de535:10295:25)
    at setupComponent (http://localhost:5173/node_modules/.vite/deps/chunk-LZ3HUG3H.js?v=602de535:10257:36)
    at mountComponent (http://localhost:5173/node_modules/.vite/deps/chunk-LZ3HUG3H.js?v=602de535:8183:7)
    at processComponent (http://localhost:5173/node_modules/.vite/deps/chunk-LZ3HUG3H.js?v=602de535:8149:9)
    at patch (http://localhost:5173/node_modules/.vite/deps/chunk-LZ3HUG3H.js?v=602de535:7646:11)
    at ReactiveEffect.componentUpdateFn [as fn] (http://localhost:5173/node_modules/.vite/deps/chunk-LZ3HUG3H.js?v=602de535:8297:11)
    at ReactiveEffect.run (http://localhost:5173/node_modules/.vite/deps/chunk-LZ3HUG3H.js?v=602de535:507:19)
    at setupRenderEffect (http://localhost:5173/node_modules/.vite/deps/chunk-LZ3HUG3H.js?v=602de535:8425:5)
[  156375ms] ReferenceError: reactive is not defined
    at setup (http://localhost:5173/src/views/MemoryDetail.vue:30:23)
    at callWithErrorHandling (http://localhost:5173/node_modules/.vite/deps/chunk-LZ3HUG3H.js?v=602de535:2351:19)
    at setupStatefulComponent (http://localhost:5173/node_modules/.vite/deps/chunk-LZ3HUG3H.js?v=602de535:10295:25)
    at setupComponent (http://localhost:5173/node_modules/.vite/deps/chunk-LZ3HUG3H.js?v=602de535:10257:36)
    at mountComponent (http://localhost:5173/node_modules/.vite/deps/chunk-LZ3HUG3H.js?v=602de535:8183:7)
    at processComponent (http://localhost:5173/node_modules/.vite/deps/chunk-LZ3HUG3H.js?v=602de535:8149:9)
    at patch (http://localhost:5173/node_modules/.vite/deps/chunk-LZ3HUG3H.js?v=602de535:7646:11)
    at ReactiveEffect.componentUpdateFn [as fn] (http://localhost:5173/node_modules/.vite/deps/chunk-LZ3HUG3H.js?v=602de535:8297:11)
    at ReactiveEffect.run (http://localhost:5173/node_modules/.vite/deps/chunk-LZ3HUG3H.js?v=602de535:507:19)
    at setupRenderEffect (http://localhost:5173/node_modules/.vite/deps/chunk-LZ3HUG3H.js?v=602de535:8425:5)
[  156375ms] ReferenceError: reactive is not defined
    at setup (http://localhost:5173/src/views/MemoryDetail.vue:30:23)
    at callWithErrorHandling (http://localhost:5173/node_modules/.vite/deps/chunk-LZ3HUG3H.js?v=602de535:2351:19)
    at setupStatefulComponent (http://localhost:5173/node_modules/.vite/deps/chunk-LZ3HUG3H.js?v=602de535:10295:25)
    at setupComponent (http://localhost:5173/node_modules/.vite/deps/chunk-LZ3HUG3H.js?v=602de535:10257:36)
    at mountComponent (http://localhost:5173/node_modules/.vite/deps/chunk-LZ3HUG3H.js?v=602de535:8183:7)
    at processComponent (http://localhost:5173/node_modules/.vite/deps/chunk-LZ3HUG3H.js?v=602de535:8149:9)
    at patch (http://localhost:5173/node_modules/.vite/deps/chunk-LZ3HUG3H.js?v=602de535:7646:11)
    at ReactiveEffect.componentUpdateFn [as fn] (http://localhost:5173/node_modules/.vite/deps/chunk-LZ3HUG3H.js?v=602de535:8297:11)
    at ReactiveEffect.run (http://localhost:5173/node_modules/.vite/deps/chunk-LZ3HUG3H.js?v=602de535:507:19)
    at setupRenderEffect (http://localhost:5173/node_modules/.vite/deps/chunk-LZ3HUG3H.js?v=602de535:8425:5)
[  156376ms] ReferenceError: reactive is not defined
    at setup (http://localhost:5173/src/views/MemoryDetail.vue:30:23)
    at callWithErrorHandling (http://localhost:5173/node_modules/.vite/deps/chunk-LZ3HUG3H.js?v=602de535:2351:19)
    at setupStatefulComponent (http://localhost:5173/node_modules/.vite/deps/chunk-LZ3HUG3H.js?v=602de535:10295:25)
    at setupComponent (http://localhost:5173/node_modules/.vite/deps/chunk-LZ3HUG3H.js?v=602de535:10257:36)
    at mountComponent (http://localhost:5173/node_modules/.vite/deps/chunk-LZ3HUG3H.js?v=602de535:8183:7)
    at processComponent (http://localhost:5173/node_modules/.vite/deps/chunk-LZ3HUG3H.js?v=602de535:8149:9)
    at patch (http://localhost:5173/node_modules/.vite/deps/chunk-LZ3HUG3H.js?v=602de535:7646:11)
    at ReactiveEffect.componentUpdateFn [as fn] (http://localhost:5173/node_modules/.vite/deps/chunk-LZ3HUG3H.js?v=602de535:8297:11)
    at ReactiveEffect.run (http://localhost:5173/node_modules/.vite/deps/chunk-LZ3HUG3H.js?v=602de535:507:19)
    at setupRenderEffect (http://localhost:5173/node_modules/.vite/deps/chunk-LZ3HUG3H.js?v=602de535:8425:5)
[  156377ms] ReferenceError: reactive is not defined
    at setup (http://localhost:5173/src/views/MemoryDetail.vue:30:23)
    at callWithErrorHandling (http://localhost:5173/node_modules/.vite/deps/chunk-LZ3HUG3H.js?v=602de535:2351:19)
    at setupStatefulComponent (http://localhost:5173/node_modules/.vite/deps/chunk-LZ3HUG3H.js?v=602de535:10295:25)
    at setupComponent (http://localhost:5173/node_modules/.vite/deps/chunk-LZ3HUG3H.js?v=602de535:10257:36)
    at mountComponent (http://localhost:5173/node_modules/.vite/deps/chunk-LZ3HUG3H.js?v=602de535:8183:7)
    at processComponent (http://localhost:5173/node_modules/.vite/deps/chunk-LZ3HUG3H.js?v=602de535:8149:9)
    at patch (http://localhost:5173/node_modules/.vite/deps/chunk-LZ3HUG3H.js?v=602de535:7646:11)
    at ReactiveEffect.componentUpdateFn [as fn] (http://localhost:5173/node_modules/.vite/deps/chunk-LZ3HUG3H.js?v=602de535:8297:11)
    at ReactiveEffect.run (http://localhost:5173/node_modules/.vite/deps/chunk-LZ3HUG3H.js?v=602de535:507:19)
    at setupRenderEffect (http://localhost:5173/node_modules/.vite/deps/chunk-LZ3HUG3H.js?v=602de535:8425:5)
[  156378ms] ReferenceError: reactive is not defined
    at setup (http://localhost:5173/src/views/MemoryDetail.vue:30:23)
    at callWithErrorHandling (http://localhost:5173/node_modules/.vite/deps/chunk-LZ3HUG3H.js?v=602de535:2351:19)
    at setupStatefulComponent (http://localhost:5173/node_modules/.vite/deps/chunk-LZ3HUG3H.js?v=602de535:10295:25)
    at setupComponent (http://localhost:5173/node_modules/.vite/deps/chunk-LZ3HUG3H.js?v=602de535:10257:36)
    at mountComponent (http://localhost:5173/node_modules/.vite/deps/chunk-LZ3HUG3H.js?v=602de535:8183:7)
    at processComponent (http://localhost:5173/node_modules/.vite/deps/chunk-LZ3HUG3H.js?v=602de535:8149:9)
    at patch (http://localhost:5173/node_modules/.vite/deps/chunk-LZ3HUG3H.js?v=602de535:7646:11)
    at ReactiveEffect.componentUpdateFn [as fn] (http://localhost:5173/node_modules/.vite/deps/chunk-LZ3HUG3H.js?v=602de535:8297:11)
    at ReactiveEffect.run (http://localhost:5173/node_modules/.vite/deps/chunk-LZ3HUG3H.js?v=602de535:507:19)
    at setupRenderEffect (http://localhost:5173/node_modules/.vite/deps/chunk-LZ3HUG3H.js?v=602de535:8425:5)
[  156378ms] ReferenceError: reactive is not defined
    at setup (http://localhost:5173/src/views/MemoryDetail.vue:30:23)
    at callWithErrorHandling (http://localhost:5173/node_modules/.vite/deps/chunk-LZ3HUG3H.js?v=602de535:2351:19)
    at setupStatefulComponent (http://localhost:5173/node_modules/.vite/deps/chunk-LZ3HUG3H.js?v=602de535:10295:25)
    at setupComponent (http://localhost:5173/node_modules/.vite/deps/chunk-LZ3HUG3H.js?v=602de535:10257:36)
    at mountComponent (http://localhost:5173/node_modules/.vite/deps/chunk-LZ3HUG3H.js?v=602de535:8183:7)
    at processComponent (http://localhost:5173/node_modules/.vite/deps/chunk-LZ3HUG3H.js?v=602de535:8149:9)
    at patch (http://localhost:5173/node_modules/.vite/deps/chunk-LZ3HUG3H.js?v=602de535:7646:11)
    at ReactiveEffect.componentUpdateFn [as fn] (http://localhost:5173/node_modules/.vite/deps/chunk-LZ3HUG3H.js?v=602de535:8297:11)
    at ReactiveEffect.run (http://localhost:5173/node_modules/.vite/deps/chunk-LZ3HUG3H.js?v=602de535:507:19)
    at setupRenderEffect (http://localhost:5173/node_modules/.vite/deps/chunk-LZ3HUG3H.js?v=602de535:8425:5)
[  156379ms] ReferenceError: reactive is not defined
    at setup (http://localhost:5173/src/views/MemoryDetail.vue:30:23)
    at callWithErrorHandling (http://localhost:5173/node_modules/.vite/deps/chunk-LZ3HUG3H.js?v=602de535:2351:19)
    at setupStatefulComponent (http://localhost:5173/node_modules/.vite/deps/chunk-LZ3HUG3H.js?v=602de535:10295:25)
    at setupComponent (http://localhost:5173/node_modules/.vite/deps/chunk-LZ3HUG3H.js?v=602de535:10257:36)
    at mountComponent (http://localhost:5173/node_modules/.vite/deps/chunk-LZ3HUG3H.js?v=602de535:8183:7)
    at processComponent (http://localhost:5173/node_modules/.vite/deps/chunk-LZ3HUG3H.js?v=602de535:8149:9)
    at patch (http://localhost:5173/node_modules/.vite/deps/chunk-LZ3HUG3H.js?v=602de535:7646:11)
    at ReactiveEffect.componentUpdateFn [as fn] (http://localhost:5173/node_modules/.vite/deps/chunk-LZ3HUG3H.js?v=602de535:8297:11)
    at ReactiveEffect.run (http://localhost:5173/node_modules/.vite/deps/chunk-LZ3HUG3H.js?v=602de535:507:19)
    at setupRenderEffect (http://localhost:5173/node_modules/.vite/deps/chunk-LZ3HUG3H.js?v=602de535:8425:5)
[  156379ms] ReferenceError: reactive is not defined
    at setup (http://localhost:5173/src/views/MemoryDetail.vue:30:23)
    at callWithErrorHandling (http://localhost:5173/node_modules/.vite/deps/chunk-LZ3HUG3H.js?v=602de535:2351:19)
    at setupStatefulComponent (http://localhost:5173/node_modules/.vite/deps/chunk-LZ3HUG3H.js?v=602de535:10295:25)
    at setupComponent (http://localhost:5173/node_modules/.vite/deps/chunk-LZ3HUG3H.js?v=602de535:10257:36)
    at mountComponent (http://localhost:5173/node_modules/.vite/deps/chunk-LZ3HUG3H.js?v=602de535:8183:7)
    at processComponent (http://localhost:5173/node_modules/.vite/deps/chunk-LZ3HUG3H.js?v=602de535:8149:9)
    at patch (http://localhost:5173/node_modules/.vite/deps/chunk-LZ3HUG3H.js?v=602de535:7646:11)
    at ReactiveEffect.componentUpdateFn [as fn] (http://localhost:5173/node_modules/.vite/deps/chunk-LZ3HUG3H.js?v=602de535:8297:11)
    at ReactiveEffect.run (http://localhost:5173/node_modules/.vite/deps/chunk-LZ3HUG3H.js?v=602de535:507:19)
    at setupRenderEffect (http://localhost:5173/node_modules/.vite/deps/chunk-LZ3HUG3H.js?v=602de535:8425:5)
[  156380ms] ReferenceError: reactive is not defined
    at setup (http://localhost:5173/src/views/MemoryDetail.vue:30:23)
    at callWithErrorHandling (http://localhost:5173/node_modules/.vite/deps/chunk-LZ3HUG3H.js?v=602de535:2351:19)
    at setupStatefulComponent (http://localhost:5173/node_modules/.vite/deps/chunk-LZ3HUG3H.js?v=602de535:10295:25)
    at setupComponent (http://localhost:5173/node_modules/.vite/deps/chunk-LZ3HUG3H.js?v=602de535:10257:36)
    at mountComponent (http://localhost:5173/node_modules/.vite/deps/chunk-LZ3HUG3H.js?v=602de535:8183:7)
    at processComponent (http://localhost:5173/node_modules/.vite/deps/chunk-LZ3HUG3H.js?v=602de535:8149:9)
    at patch (http://localhost:5173/node_modules/.vite/deps/chunk-LZ3HUG3H.js?v=602de535:7646:11)
    at ReactiveEffect.componentUpdateFn [as fn] (http://localhost:5173/node_modules/.vite/deps/chunk-LZ3HUG3H.js?v=602de535:8297:11)
    at ReactiveEffect.run (http://localhost:5173/node_modules/.vite/deps/chunk-LZ3HUG3H.js?v=602de535:507:19)
    at setupRenderEffect (http://localhost:5173/node_modules/.vite/deps/chunk-LZ3HUG3H.js?v=602de535:8425:5)
[  156380ms] ReferenceError: reactive is not defined
    at setup (http://localhost:5173/src/views/MemoryDetail.vue:30:23)
    at callWithErrorHandling (http://localhost:5173/node_modules/.vite/deps/chunk-LZ3HUG3H.js?v=602de535:2351:19)
    at setupStatefulComponent (http://localhost:5173/node_modules/.vite/deps/chunk-LZ3HUG3H.js?v=602de535:10295:25)
    at setupComponent (http://localhost:5173/node_modules/.vite/deps/chunk-LZ3HUG3H.js?v=602de535:10257:36)
    at mountComponent (http://localhost:5173/node_modules/.vite/deps/chunk-LZ3HUG3H.js?v=602de535:8183:7)
    at processComponent (http://localhost:5173/node_modules/.vite/deps/chunk-LZ3HUG3H.js?v=602de535:8149:9)
    at patch (http://localhost:5173/node_modules/.vite/deps/chunk-LZ3HUG3H.js?v=602de535:7646:11)
    at ReactiveEffect.componentUpdateFn [as fn] (http://localhost:5173/node_modules/.vite/deps/chunk-LZ3HUG3H.js?v=602de535:8297:11)
    at ReactiveEffect.run (http://localhost:5173/node_modules/.vite/deps/chunk-LZ3HUG3H.js?v=602de535:507:19)
    at setupRenderEffect (http://localhost:5173/node_modules/.vite/deps/chunk-LZ3HUG3H.js?v=602de535:8425:5)
[  156380ms] ReferenceError: reactive is not defined
    at setup (http://localhost:5173/src/views/MemoryDetail.vue:30:23)
    at callWithErrorHandling (http://localhost:5173/node_modules/.vite/deps/chunk-LZ3HUG3H.js?v=602de535:2351:19)
    at setupStatefulComponent (http://localhost:5173/node_modules/.vite/deps/chunk-LZ3HUG3H.js?v=602de535:10295:25)
    at setupComponent (http://localhost:5173/node_modules/.vite/deps/chunk-LZ3HUG3H.js?v=602de535:10257:36)
    at mountComponent (http://localhost:5173/node_modules/.vite/deps/chunk-LZ3HUG3H.js?v=602de535:8183:7)
    at processComponent (http://localhost:5173/node_modules/.vite/deps/chunk-LZ3HUG3H.js?v=602de535:8149:9)
    at patch (http://localhost:5173/node_modules/.vite/deps/chunk-LZ3HUG3H.js?v=602de535:7646:11)
    at ReactiveEffect.componentUpdateFn [as fn] (http://localhost:5173/node_modules/.vite/deps/chunk-LZ3HUG3H.js?v=602de535:8297:11)
    at ReactiveEffect.run (http://localhost:5173/node_modules/.vite/deps/chunk-LZ3HUG3H.js?v=602de535:507:19)
    at setupRenderEffect (http://localhost:5173/node_modules/.vite/deps/chunk-LZ3HUG3H.js?v=602de535:8425:5)
[  156381ms] ReferenceError: reactive is not defined
    at setup (http://localhost:5173/src/views/MemoryDetail.vue:30:23)
    at callWithErrorHandling (http://localhost:5173/node_modules/.vite/deps/chunk-LZ3HUG3H.js?v=602de535:2351:19)
    at setupStatefulComponent (http://localhost:5173/node_modules/.vite/deps/chunk-LZ3HUG3H.js?v=602de535:10295:25)
    at setupComponent (http://localhost:5173/node_modules/.vite/deps/chunk-LZ3HUG3H.js?v=602de535:10257:36)
    at mountComponent (http://localhost:5173/node_modules/.vite/deps/chunk-LZ3HUG3H.js?v=602de535:8183:7)
    at processComponent (http://localhost:5173/node_modules/.vite/deps/chunk-LZ3HUG3H.js?v=602de535:8149:9)
    at patch (http://localhost:5173/node_modules/.vite/deps/chunk-LZ3HUG3H.js?v=602de535:7646:11)
    at ReactiveEffect.componentUpdateFn [as fn] (http://localhost:5173/node_modules/.vite/deps/chunk-LZ3HUG3H.js?v=602de535:8297:11)
    at ReactiveEffect.run (http://localhost:5173/node_modules/.vite/deps/chunk-LZ3HUG3H.js?v=602de535:507:19)
    at setupRenderEffect (http://localhost:5173/node_modules/.vite/deps/chunk-LZ3HUG3H.js?v=602de535:8425:5)
[  156381ms] ReferenceError: reactive is not defined
    at setup (http://localhost:5173/src/views/MemoryDetail.vue:30:23)
    at callWithErrorHandling (http://localhost:5173/node_modules/.vite/deps/chunk-LZ3HUG3H.js?v=602de535:2351:19)
    at setupStatefulComponent (http://localhost:5173/node_modules/.vite/deps/chunk-LZ3HUG3H.js?v=602de535:10295:25)
    at setupComponent (http://localhost:5173/node_modules/.vite/deps/chunk-LZ3HUG3H.js?v=602de535:10257:36)
    at mountComponent (http://localhost:5173/node_modules/.vite/deps/chunk-LZ3HUG3H.js?v=602de535:8183:7)
    at processComponent (http://localhost:5173/node_modules/.vite/deps/chunk-LZ3HUG3H.js?v=602de535:8149:9)
    at patch (http://localhost:5173/node_modules/.vite/deps/chunk-LZ3HUG3H.js?v=602de535:7646:11)
    at ReactiveEffect.componentUpdateFn [as fn] (http://localhost:5173/node_modules/.vite/deps/chunk-LZ3HUG3H.js?v=602de535:8297:11)
    at ReactiveEffect.run (http://localhost:5173/node_modules/.vite/deps/chunk-LZ3HUG3H.js?v=602de535:507:19)
    at setupRenderEffect (http://localhost:5173/node_modules/.vite/deps/chunk-LZ3HUG3H.js?v=602de535:8425:5)
[  156381ms] ReferenceError: reactive is not defined
    at setup (http://localhost:5173/src/views/MemoryDetail.vue:30:23)
    at callWithErrorHandling (http://localhost:5173/node_modules/.vite/deps/chunk-LZ3HUG3H.js?v=602de535:2351:19)
    at setupStatefulComponent (http://localhost:5173/node_modules/.vite/deps/chunk-LZ3HUG3H.js?v=602de535:10295:25)
    at setupComponent (http://localhost:5173/node_modules/.vite/deps/chunk-LZ3HUG3H.js?v=602de535:10257:36)
    at mountComponent (http://localhost:5173/node_modules/.vite/deps/chunk-LZ3HUG3H.js?v=602de535:8183:7)
    at processComponent (http://localhost:5173/node_modules/.vite/deps/chunk-LZ3HUG3H.js?v=602de535:8149:9)
    at patch (http://localhost:5173/node_modules/.vite/deps/chunk-LZ3HUG3H.js?v=602de535:7646:11)
    at ReactiveEffect.componentUpdateFn [as fn] (http://localhost:5173/node_modules/.vite/deps/chunk-LZ3HUG3H.js?v=602de535:8297:11)
    at ReactiveEffect.run (http://localhost:5173/node_modules/.vite/deps/chunk-LZ3HUG3H.js?v=602de535:507:19)
    at setupRenderEffect (http://localhost:5173/node_modules/.vite/deps/chunk-LZ3HUG3H.js?v=602de535:8425:5)
[  156382ms] ReferenceError: reactive is not defined
    at setup (http://localhost:5173/src/views/MemoryDetail.vue:30:23)
    at callWithErrorHandling (http://localhost:5173/node_modules/.vite/deps/chunk-LZ3HUG3H.js?v=602de535:2351:19)
    at setupStatefulComponent (http://localhost:5173/node_modules/.vite/deps/chunk-LZ3HUG3H.js?v=602de535:10295:25)
    at setupComponent (http://localhost:5173/node_modules/.vite/deps/chunk-LZ3HUG3H.js?v=602de535:10257:36)
    at mountComponent (http://localhost:5173/node_modules/.vite/deps/chunk-LZ3HUG3H.js?v=602de535:8183:7)
    at processComponent (http://localhost:5173/node_modules/.vite/deps/chunk-LZ3HUG3H.js?v=602de535:8149:9)
    at patch (http://localhost:5173/node_modules/.vite/deps/chunk-LZ3HUG3H.js?v=602de535:7646:11)
    at ReactiveEffect.componentUpdateFn [as fn] (http://localhost:5173/node_modules/.vite/deps/chunk-LZ3HUG3H.js?v=602de535:8297:11)
    at ReactiveEffect.run (http://localhost:5173/node_modules/.vite/deps/chunk-LZ3HUG3H.js?v=602de535:507:19)
    at setupRenderEffect (http://localhost:5173/node_modules/.vite/deps/chunk-LZ3HUG3H.js?v=602de535:8425:5)
[  156382ms] ReferenceError: reactive is not defined
    at setup (http://localhost:5173/src/views/MemoryDetail.vue:30:23)
    at callWithErrorHandling (http://localhost:5173/node_modules/.vite/deps/chunk-LZ3HUG3H.js?v=602de535:2351:19)
    at setupStatefulComponent (http://localhost:5173/node_modules/.vite/deps/chunk-LZ3HUG3H.js?v=602de535:10295:25)
    at setupComponent (http://localhost:5173/node_modules/.vite/deps/chunk-LZ3HUG3H.js?v=602de535:10257:36)
    at mountComponent (http://localhost:5173/node_modules/.vite/deps/chunk-LZ3HUG3H.js?v=602de535:8183:7)
    at processComponent (http://localhost:5173/node_modules/.vite/deps/chunk-LZ3HUG3H.js?v=602de535:8149:9)
    at patch (http://localhost:5173/node_modules/.vite/deps/chunk-LZ3HUG3H.js?v=602de535:7646:11)
    at ReactiveEffect.componentUpdateFn [as fn] (http://localhost:5173/node_modules/.vite/deps/chunk-LZ3HUG3H.js?v=602de535:8297:11)
    at ReactiveEffect.run (http://localhost:5173/node_modules/.vite/deps/chunk-LZ3HUG3H.js?v=602de535:507:19)
    at setupRenderEffect (http://localhost:5173/node_modules/.vite/deps/chunk-LZ3HUG3H.js?v=602de535:8425:5)
[  156382ms] ReferenceError: reactive is not defined
    at setup (http://localhost:5173/src/views/MemoryDetail.vue:30:23)
    at callWithErrorHandling (http://localhost:5173/node_modules/.vite/deps/chunk-LZ3HUG3H.js?v=602de535:2351:19)
    at setupStatefulComponent (http://localhost:5173/node_modules/.vite/deps/chunk-LZ3HUG3H.js?v=602de535:10295:25)
    at setupComponent (http://localhost:5173/node_modules/.vite/deps/chunk-LZ3HUG3H.js?v=602de535:10257:36)
    at mountComponent (http://localhost:5173/node_modules/.vite/deps/chunk-LZ3HUG3H.js?v=602de535:8183:7)
    at processComponent (http://localhost:5173/node_modules/.vite/deps/chunk-LZ3HUG3H.js?v=602de535:8149:9)
    at patch (http://localhost:5173/node_modules/.vite/deps/chunk-LZ3HUG3H.js?v=602de535:7646:11)
    at ReactiveEffect.componentUpdateFn [as fn] (http://localhost:5173/node_modules/.vite/deps/chunk-LZ3HUG3H.js?v=602de535:8297:11)
    at ReactiveEffect.run (http://localhost:5173/node_modules/.vite/deps/chunk-LZ3HUG3H.js?v=602de535:507:19)
    at setupRenderEffect (http://localhost:5173/node_modules/.vite/deps/chunk-LZ3HUG3H.js?v=602de535:8425:5)
[  156383ms] ReferenceError: reactive is not defined
    at setup (http://localhost:5173/src/views/MemoryDetail.vue:30:23)
    at callWithErrorHandling (http://localhost:5173/node_modules/.vite/deps/chunk-LZ3HUG3H.js?v=602de535:2351:19)
    at setupStatefulComponent (http://localhost:5173/node_modules/.vite/deps/chunk-LZ3HUG3H.js?v=602de535:10295:25)
    at setupComponent (http://localhost:5173/node_modules/.vite/deps/chunk-LZ3HUG3H.js?v=602de535:10257:36)
    at mountComponent (http://localhost:5173/node_modules/.vite/deps/chunk-LZ3HUG3H.js?v=602de535:8183:7)
    at processComponent (http://localhost:5173/node_modules/.vite/deps/chunk-LZ3HUG3H.js?v=602de535:8149:9)
    at patch (http://localhost:5173/node_modules/.vite/deps/chunk-LZ3HUG3H.js?v=602de535:7646:11)
    at ReactiveEffect.componentUpdateFn [as fn] (http://localhost:5173/node_modules/.vite/deps/chunk-LZ3HUG3H.js?v=602de535:8297:11)
    at ReactiveEffect.run (http://localhost:5173/node_modules/.vite/deps/chunk-LZ3HUG3H.js?v=602de535:507:19)
    at setupRenderEffect (http://localhost:5173/node_modules/.vite/deps/chunk-LZ3HUG3H.js?v=602de535:8425:5)
[  156383ms] ReferenceError: reactive is not defined
    at setup (http://localhost:5173/src/views/MemoryDetail.vue:30:23)
    at callWithErrorHandling (http://localhost:5173/node_modules/.vite/deps/chunk-LZ3HUG3H.js?v=602de535:2351:19)
    at setupStatefulComponent (http://localhost:5173/node_modules/.vite/deps/chunk-LZ3HUG3H.js?v=602de535:10295:25)
    at setupComponent (http://localhost:5173/node_modules/.vite/deps/chunk-LZ3HUG3H.js?v=602de535:10257:36)
    at mountComponent (http://localhost:5173/node_modules/.vite/deps/chunk-LZ3HUG3H.js?v=602de535:8183:7)
    at processComponent (http://localhost:5173/node_modules/.vite/deps/chunk-LZ3HUG3H.js?v=602de535:8149:9)
    at patch (http://localhost:5173/node_modules/.vite/deps/chunk-LZ3HUG3H.js?v=602de535:7646:11)
    at ReactiveEffect.componentUpdateFn [as fn] (http://localhost:5173/node_modules/.vite/deps/chunk-LZ3HUG3H.js?v=602de535:8297:11)
    at ReactiveEffect.run (http://localhost:5173/node_modules/.vite/deps/chunk-LZ3HUG3H.js?v=602de535:507:19)
    at setupRenderEffect (http://localhost:5173/node_modules/.vite/deps/chunk-LZ3HUG3H.js?v=602de535:8425:5)
[  156383ms] ReferenceError: reactive is not defined
    at setup (http://localhost:5173/src/views/MemoryDetail.vue:30:23)
    at callWithErrorHandling (http://localhost:5173/node_modules/.vite/deps/chunk-LZ3HUG3H.js?v=602de535:2351:19)
    at setupStatefulComponent (http://localhost:5173/node_modules/.vite/deps/chunk-LZ3HUG3H.js?v=602de535:10295:25)
    at setupComponent (http://localhost:5173/node_modules/.vite/deps/chunk-LZ3HUG3H.js?v=602de535:10257:36)
    at mountComponent (http://localhost:5173/node_modules/.vite/deps/chunk-LZ3HUG3H.js?v=602de535:8183:7)
    at processComponent (http://localhost:5173/node_modules/.vite/deps/chunk-LZ3HUG3H.js?v=602de535:8149:9)
    at patch (http://localhost:5173/node_modules/.vite/deps/chunk-LZ3HUG3H.js?v=602de535:7646:11)
    at ReactiveEffect.componentUpdateFn [as fn] (http://localhost:5173/node_modules/.vite/deps/chunk-LZ3HUG3H.js?v=602de535:8297:11)
    at ReactiveEffect.run (http://localhost:5173/node_modules/.vite/deps/chunk-LZ3HUG3H.js?v=602de535:507:19)
    at setupRenderEffect (http://localhost:5173/node_modules/.vite/deps/chunk-LZ3HUG3H.js?v=602de535:8425:5)
[  156384ms] ReferenceError: reactive is not defined
    at setup (http://localhost:5173/src/views/MemoryDetail.vue:30:23)
    at callWithErrorHandling (http://localhost:5173/node_modules/.vite/deps/chunk-LZ3HUG3H.js?v=602de535:2351:19)
    at setupStatefulComponent (http://localhost:5173/node_modules/.vite/deps/chunk-LZ3HUG3H.js?v=602de535:10295:25)
    at setupComponent (http://localhost:5173/node_modules/.vite/deps/chunk-LZ3HUG3H.js?v=602de535:10257:36)
    at mountComponent (http://localhost:5173/node_modules/.vite/deps/chunk-LZ3HUG3H.js?v=602de535:8183:7)
    at processComponent (http://localhost:5173/node_modules/.vite/deps/chunk-LZ3HUG3H.js?v=602de535:8149:9)
    at patch (http://localhost:5173/node_modules/.vite/deps/chunk-LZ3HUG3H.js?v=602de535:7646:11)
    at ReactiveEffect.componentUpdateFn [as fn] (http://localhost:5173/node_modules/.vite/deps/chunk-LZ3HUG3H.js?v=602de535:8297:11)
    at ReactiveEffect.run (http://localhost:5173/node_modules/.vite/deps/chunk-LZ3HUG3H.js?v=602de535:507:19)
    at setupRenderEffect (http://localhost:5173/node_modules/.vite/deps/chunk-LZ3HUG3H.js?v=602de535:8425:5)
[  156384ms] ReferenceError: reactive is not defined
    at setup (http://localhost:5173/src/views/MemoryDetail.vue:30:23)
    at callWithErrorHandling (http://localhost:5173/node_modules/.vite/deps/chunk-LZ3HUG3H.js?v=602de535:2351:19)
    at setupStatefulComponent (http://localhost:5173/node_modules/.vite/deps/chunk-LZ3HUG3H.js?v=602de535:10295:25)
    at setupComponent (http://localhost:5173/node_modules/.vite/deps/chunk-LZ3HUG3H.js?v=602de535:10257:36)
    at mountComponent (http://localhost:5173/node_modules/.vite/deps/chunk-LZ3HUG3H.js?v=602de535:8183:7)
    at processComponent (http://localhost:5173/node_modules/.vite/deps/chunk-LZ3HUG3H.js?v=602de535:8149:9)
    at patch (http://localhost:5173/node_modules/.vite/deps/chunk-LZ3HUG3H.js?v=602de535:7646:11)
    at ReactiveEffect.componentUpdateFn [as fn] (http://localhost:5173/node_modules/.vite/deps/chunk-LZ3HUG3H.js?v=602de535:8297:11)
    at ReactiveEffect.run (http://localhost:5173/node_modules/.vite/deps/chunk-LZ3HUG3H.js?v=602de535:507:19)
    at setupRenderEffect (http://localhost:5173/node_modules/.vite/deps/chunk-LZ3HUG3H.js?v=602de535:8425:5)
[  156385ms] ReferenceError: reactive is not defined
    at setup (http://localhost:5173/src/views/MemoryDetail.vue:30:23)
    at callWithErrorHandling (http://localhost:5173/node_modules/.vite/deps/chunk-LZ3HUG3H.js?v=602de535:2351:19)
    at setupStatefulComponent (http://localhost:5173/node_modules/.vite/deps/chunk-LZ3HUG3H.js?v=602de535:10295:25)
    at setupComponent (http://localhost:5173/node_modules/.vite/deps/chunk-LZ3HUG3H.js?v=602de535:10257:36)
    at mountComponent (http://localhost:5173/node_modules/.vite/deps/chunk-LZ3HUG3H.js?v=602de535:8183:7)
    at processComponent (http://localhost:5173/node_modules/.vite/deps/chunk-LZ3HUG3H.js?v=602de535:8149:9)
    at patch (http://localhost:5173/node_modules/.vite/deps/chunk-LZ3HUG3H.js?v=602de535:7646:11)
    at ReactiveEffect.componentUpdateFn [as fn] (http://localhost:5173/node_modules/.vite/deps/chunk-LZ3HUG3H.js?v=602de535:8297:11)
    at ReactiveEffect.run (http://localhost:5173/node_modules/.vite/deps/chunk-LZ3HUG3H.js?v=602de535:507:19)
    at setupRenderEffect (http://localhost:5173/node_modules/.vite/deps/chunk-LZ3HUG3H.js?v=602de535:8425:5)
[  156385ms] ReferenceError: reactive is not defined
    at setup (http://localhost:5173/src/views/MemoryDetail.vue:30:23)
    at callWithErrorHandling (http://localhost:5173/node_modules/.vite/deps/chunk-LZ3HUG3H.js?v=602de535:2351:19)
    at setupStatefulComponent (http://localhost:5173/node_modules/.vite/deps/chunk-LZ3HUG3H.js?v=602de535:10295:25)
    at setupComponent (http://localhost:5173/node_modules/.vite/deps/chunk-LZ3HUG3H.js?v=602de535:10257:36)
    at mountComponent (http://localhost:5173/node_modules/.vite/deps/chunk-LZ3HUG3H.js?v=602de535:8183:7)
    at processComponent (http://localhost:5173/node_modules/.vite/deps/chunk-LZ3HUG3H.js?v=602de535:8149:9)
    at patch (http://localhost:5173/node_modules/.vite/deps/chunk-LZ3HUG3H.js?v=602de535:7646:11)
    at ReactiveEffect.componentUpdateFn [as fn] (http://localhost:5173/node_modules/.vite/deps/chunk-LZ3HUG3H.js?v=602de535:8297:11)
    at ReactiveEffect.run (http://localhost:5173/node_modules/.vite/deps/chunk-LZ3HUG3H.js?v=602de535:507:19)
    at setupRenderEffect (http://localhost:5173/node_modules/.vite/deps/chunk-LZ3HUG3H.js?v=602de535:8425:5)
[  156385ms] ReferenceError: reactive is not defined
    at setup (http://localhost:5173/src/views/MemoryDetail.vue:30:23)
    at callWithErrorHandling (http://localhost:5173/node_modules/.vite/deps/chunk-LZ3HUG3H.js?v=602de535:2351:19)
    at setupStatefulComponent (http://localhost:5173/node_modules/.vite/deps/chunk-LZ3HUG3H.js?v=602de535:10295:25)
    at setupComponent (http://localhost:5173/node_modules/.vite/deps/chunk-LZ3HUG3H.js?v=602de535:10257:36)
    at mountComponent (http://localhost:5173/node_modules/.vite/deps/chunk-LZ3HUG3H.js?v=602de535:8183:7)
    at processComponent (http://localhost:5173/node_modules/.vite/deps/chunk-LZ3HUG3H.js?v=602de535:8149:9)
    at patch (http://localhost:5173/node_modules/.vite/deps/chunk-LZ3HUG3H.js?v=602de535:7646:11)
    at ReactiveEffect.componentUpdateFn [as fn] (http://localhost:5173/node_modules/.vite/deps/chunk-LZ3HUG3H.js?v=602de535:8297:11)
    at ReactiveEffect.run (http://localhost:5173/node_modules/.vite/deps/chunk-LZ3HUG3H.js?v=602de535:507:19)
    at setupRenderEffect (http://localhost:5173/node_modules/.vite/deps/chunk-LZ3HUG3H.js?v=602de535:8425:5)
[  156386ms] ReferenceError: reactive is not defined
    at setup (http://localhost:5173/src/views/MemoryDetail.vue:30:23)
    at callWithErrorHandling (http://localhost:5173/node_modules/.vite/deps/chunk-LZ3HUG3H.js?v=602de535:2351:19)
    at setupStatefulComponent (http://localhost:5173/node_modules/.vite/deps/chunk-LZ3HUG3H.js?v=602de535:10295:25)
    at setupComponent (http://localhost:5173/node_modules/.vite/deps/chunk-LZ3HUG3H.js?v=602de535:10257:36)
    at mountComponent (http://localhost:5173/node_modules/.vite/deps/chunk-LZ3HUG3H.js?v=602de535:8183:7)
    at processComponent (http://localhost:5173/node_modules/.vite/deps/chunk-LZ3HUG3H.js?v=602de535:8149:9)
    at patch (http://localhost:5173/node_modules/.vite/deps/chunk-LZ3HUG3H.js?v=602de535:7646:11)
    at ReactiveEffect.componentUpdateFn [as fn] (http://localhost:5173/node_modules/.vite/deps/chunk-LZ3HUG3H.js?v=602de535:8297:11)
    at ReactiveEffect.run (http://localhost:5173/node_modules/.vite/deps/chunk-LZ3HUG3H.js?v=602de535:507:19)
    at setupRenderEffect (http://localhost:5173/node_modules/.vite/deps/chunk-LZ3HUG3H.js?v=602de535:8425:5)
[  156386ms] ReferenceError: reactive is not defined
    at setup (http://localhost:5173/src/views/MemoryDetail.vue:30:23)
    at callWithErrorHandling (http://localhost:5173/node_modules/.vite/deps/chunk-LZ3HUG3H.js?v=602de535:2351:19)
    at setupStatefulComponent (http://localhost:5173/node_modules/.vite/deps/chunk-LZ3HUG3H.js?v=602de535:10295:25)
    at setupComponent (http://localhost:5173/node_modules/.vite/deps/chunk-LZ3HUG3H.js?v=602de535:10257:36)
    at mountComponent (http://localhost:5173/node_modules/.vite/deps/chunk-LZ3HUG3H.js?v=602de535:8183:7)
    at processComponent (http://localhost:5173/node_modules/.vite/deps/chunk-LZ3HUG3H.js?v=602de535:8149:9)
    at patch (http://localhost:5173/node_modules/.vite/deps/chunk-LZ3HUG3H.js?v=602de535:7646:11)
    at ReactiveEffect.componentUpdateFn [as fn] (http://localhost:5173/node_modules/.vite/deps/chunk-LZ3HUG3H.js?v=602de535:8297:11)
    at ReactiveEffect.run (http://localhost:5173/node_modules/.vite/deps/chunk-LZ3HUG3H.js?v=602de535:507:19)
    at setupRenderEffect (http://localhost:5173/node_modules/.vite/deps/chunk-LZ3HUG3H.js?v=602de535:8425:5)
[  156387ms] ReferenceError: reactive is not defined
    at setup (http://localhost:5173/src/views/MemoryDetail.vue:30:23)
    at callWithErrorHandling (http://localhost:5173/node_modules/.vite/deps/chunk-LZ3HUG3H.js?v=602de535:2351:19)
    at setupStatefulComponent (http://localhost:5173/node_modules/.vite/deps/chunk-LZ3HUG3H.js?v=602de535:10295:25)
    at setupComponent (http://localhost:5173/node_modules/.vite/deps/chunk-LZ3HUG3H.js?v=602de535:10257:36)
    at mountComponent (http://localhost:5173/node_modules/.vite/deps/chunk-LZ3HUG3H.js?v=602de535:8183:7)
    at processComponent (http://localhost:5173/node_modules/.vite/deps/chunk-LZ3HUG3H.js?v=602de535:8149:9)
    at patch (http://localhost:5173/node_modules/.vite/deps/chunk-LZ3HUG3H.js?v=602de535:7646:11)
    at ReactiveEffect.componentUpdateFn [as fn] (http://localhost:5173/node_modules/.vite/deps/chunk-LZ3HUG3H.js?v=602de535:8297:11)
    at ReactiveEffect.run (http://localhost:5173/node_modules/.vite/deps/chunk-LZ3HUG3H.js?v=602de535:507:19)
    at setupRenderEffect (http://localhost:5173/node_modules/.vite/deps/chunk-LZ3HUG3H.js?v=602de535:8425:5)
[  156387ms] ReferenceError: reactive is not defined
    at setup (http://localhost:5173/src/views/MemoryDetail.vue:30:23)
    at callWithErrorHandling (http://localhost:5173/node_modules/.vite/deps/chunk-LZ3HUG3H.js?v=602de535:2351:19)
    at setupStatefulComponent (http://localhost:5173/node_modules/.vite/deps/chunk-LZ3HUG3H.js?v=602de535:10295:25)
    at setupComponent (http://localhost:5173/node_modules/.vite/deps/chunk-LZ3HUG3H.js?v=602de535:10257:36)
    at mountComponent (http://localhost:5173/node_modules/.vite/deps/chunk-LZ3HUG3H.js?v=602de535:8183:7)
    at processComponent (http://localhost:5173/node_modules/.vite/deps/chunk-LZ3HUG3H.js?v=602de535:8149:9)
    at patch (http://localhost:5173/node_modules/.vite/deps/chunk-LZ3HUG3H.js?v=602de535:7646:11)
    at ReactiveEffect.componentUpdateFn [as fn] (http://localhost:5173/node_modules/.vite/deps/chunk-LZ3HUG3H.js?v=602de535:8297:11)
    at ReactiveEffect.run (http://localhost:5173/node_modules/.vite/deps/chunk-LZ3HUG3H.js?v=602de535:507:19)
    at setupRenderEffect (http://localhost:5173/node_modules/.vite/deps/chunk-LZ3HUG3H.js?v=602de535:8425:5)
[  156387ms] ReferenceError: reactive is not defined
    at setup (http://localhost:5173/src/views/MemoryDetail.vue:30:23)
    at callWithErrorHandling (http://localhost:5173/node_modules/.vite/deps/chunk-LZ3HUG3H.js?v=602de535:2351:19)
    at setupStatefulComponent (http://localhost:5173/node_modules/.vite/deps/chunk-LZ3HUG3H.js?v=602de535:10295:25)
    at setupComponent (http://localhost:5173/node_modules/.vite/deps/chunk-LZ3HUG3H.js?v=602de535:10257:36)
    at mountComponent (http://localhost:5173/node_modules/.vite/deps/chunk-LZ3HUG3H.js?v=602de535:8183:7)
    at processComponent (http://localhost:5173/node_modules/.vite/deps/chunk-LZ3HUG3H.js?v=602de535:8149:9)
    at patch (http://localhost:5173/node_modules/.vite/deps/chunk-LZ3HUG3H.js?v=602de535:7646:11)
    at ReactiveEffect.componentUpdateFn [as fn] (http://localhost:5173/node_modules/.vite/deps/chunk-LZ3HUG3H.js?v=602de535:8297:11)
    at ReactiveEffect.run (http://localhost:5173/node_modules/.vite/deps/chunk-LZ3HUG3H.js?v=602de535:507:19)
    at setupRenderEffect (http://localhost:5173/node_modules/.vite/deps/chunk-LZ3HUG3H.js?v=602de535:8425:5)
[  156388ms] ReferenceError: reactive is not defined
    at setup (http://localhost:5173/src/views/MemoryDetail.vue:30:23)
    at callWithErrorHandling (http://localhost:5173/node_modules/.vite/deps/chunk-LZ3HUG3H.js?v=602de535:2351:19)
    at setupStatefulComponent (http://localhost:5173/node_modules/.vite/deps/chunk-LZ3HUG3H.js?v=602de535:10295:25)
    at setupComponent (http://localhost:5173/node_modules/.vite/deps/chunk-LZ3HUG3H.js?v=602de535:10257:36)
    at mountComponent (http://localhost:5173/node_modules/.vite/deps/chunk-LZ3HUG3H.js?v=602de535:8183:7)
    at processComponent (http://localhost:5173/node_modules/.vite/deps/chunk-LZ3HUG3H.js?v=602de535:8149:9)
    at patch (http://localhost:5173/node_modules/.vite/deps/chunk-LZ3HUG3H.js?v=602de535:7646:11)
    at ReactiveEffect.componentUpdateFn [as fn] (http://localhost:5173/node_modules/.vite/deps/chunk-LZ3HUG3H.js?v=602de535:8297:11)
    at ReactiveEffect.run (http://localhost:5173/node_modules/.vite/deps/chunk-LZ3HUG3H.js?v=602de535:507:19)
    at setupRenderEffect (http://localhost:5173/node_modules/.vite/deps/chunk-LZ3HUG3H.js?v=602de535:8425:5)
[  156388ms] ReferenceError: reactive is not defined
    at setup (http://localhost:5173/src/views/MemoryDetail.vue:30:23)
    at callWithErrorHandling (http://localhost:5173/node_modules/.vite/deps/chunk-LZ3HUG3H.js?v=602de535:2351:19)
    at setupStatefulComponent (http://localhost:5173/node_modules/.vite/deps/chunk-LZ3HUG3H.js?v=602de535:10295:25)
    at setupComponent (http://localhost:5173/node_modules/.vite/deps/chunk-LZ3HUG3H.js?v=602de535:10257:36)
    at mountComponent (http://localhost:5173/node_modules/.vite/deps/chunk-LZ3HUG3H.js?v=602de535:8183:7)
    at processComponent (http://localhost:5173/node_modules/.vite/deps/chunk-LZ3HUG3H.js?v=602de535:8149:9)
    at patch (http://localhost:5173/node_modules/.vite/deps/chunk-LZ3HUG3H.js?v=602de535:7646:11)
    at ReactiveEffect.componentUpdateFn [as fn] (http://localhost:5173/node_modules/.vite/deps/chunk-LZ3HUG3H.js?v=602de535:8297:11)
    at ReactiveEffect.run (http://localhost:5173/node_modules/.vite/deps/chunk-LZ3HUG3H.js?v=602de535:507:19)
    at setupRenderEffect (http://localhost:5173/node_modules/.vite/deps/chunk-LZ3HUG3H.js?v=602de535:8425:5)
[  156388ms] ReferenceError: reactive is not defined
    at setup (http://localhost:5173/src/views/MemoryDetail.vue:30:23)
    at callWithErrorHandling (http://localhost:5173/node_modules/.vite/deps/chunk-LZ3HUG3H.js?v=602de535:2351:19)
    at setupStatefulComponent (http://localhost:5173/node_modules/.vite/deps/chunk-LZ3HUG3H.js?v=602de535:10295:25)
    at setupComponent (http://localhost:5173/node_modules/.vite/deps/chunk-LZ3HUG3H.js?v=602de535:10257:36)
    at mountComponent (http://localhost:5173/node_modules/.vite/deps/chunk-LZ3HUG3H.js?v=602de535:8183:7)
    at processComponent (http://localhost:5173/node_modules/.vite/deps/chunk-LZ3HUG3H.js?v=602de535:8149:9)
    at patch (http://localhost:5173/node_modules/.vite/deps/chunk-LZ3HUG3H.js?v=602de535:7646:11)
    at ReactiveEffect.componentUpdateFn [as fn] (http://localhost:5173/node_modules/.vite/deps/chunk-LZ3HUG3H.js?v=602de535:8297:11)
    at ReactiveEffect.run (http://localhost:5173/node_modules/.vite/deps/chunk-LZ3HUG3H.js?v=602de535:507:19)
    at setupRenderEffect (http://localhost:5173/node_modules/.vite/deps/chunk-LZ3HUG3H.js?v=602de535:8425:5)
[  156389ms] ReferenceError: reactive is not defined
    at setup (http://localhost:5173/src/views/MemoryDetail.vue:30:23)
    at callWithErrorHandling (http://localhost:5173/node_modules/.vite/deps/chunk-LZ3HUG3H.js?v=602de535:2351:19)
    at setupStatefulComponent (http://localhost:5173/node_modules/.vite/deps/chunk-LZ3HUG3H.js?v=602de535:10295:25)
    at setupComponent (http://localhost:5173/node_modules/.vite/deps/chunk-LZ3HUG3H.js?v=602de535:10257:36)
    at mountComponent (http://localhost:5173/node_modules/.vite/deps/chunk-LZ3HUG3H.js?v=602de535:8183:7)
    at processComponent (http://localhost:5173/node_modules/.vite/deps/chunk-LZ3HUG3H.js?v=602de535:8149:9)
    at patch (http://localhost:5173/node_modules/.vite/deps/chunk-LZ3HUG3H.js?v=602de535:7646:11)
    at ReactiveEffect.componentUpdateFn [as fn] (http://localhost:5173/node_modules/.vite/deps/chunk-LZ3HUG3H.js?v=602de535:8297:11)
    at ReactiveEffect.run (http://localhost:5173/node_modules/.vite/deps/chunk-LZ3HUG3H.js?v=602de535:507:19)
    at setupRenderEffect (http://localhost:5173/node_modules/.vite/deps/chunk-LZ3HUG3H.js?v=602de535:8425:5)
[  156389ms] ReferenceError: reactive is not defined
    at setup (http://localhost:5173/src/views/MemoryDetail.vue:30:23)
    at callWithErrorHandling (http://localhost:5173/node_modules/.vite/deps/chunk-LZ3HUG3H.js?v=602de535:2351:19)
    at setupStatefulComponent (http://localhost:5173/node_modules/.vite/deps/chunk-LZ3HUG3H.js?v=602de535:10295:25)
    at setupComponent (http://localhost:5173/node_modules/.vite/deps/chunk-LZ3HUG3H.js?v=602de535:10257:36)
    at mountComponent (http://localhost:5173/node_modules/.vite/deps/chunk-LZ3HUG3H.js?v=602de535:8183:7)
    at processComponent (http://localhost:5173/node_modules/.vite/deps/chunk-LZ3HUG3H.js?v=602de535:8149:9)
    at patch (http://localhost:5173/node_modules/.vite/deps/chunk-LZ3HUG3H.js?v=602de535:7646:11)
    at ReactiveEffect.componentUpdateFn [as fn] (http://localhost:5173/node_modules/.vite/deps/chunk-LZ3HUG3H.js?v=602de535:8297:11)
    at ReactiveEffect.run (http://localhost:5173/node_modules/.vite/deps/chunk-LZ3HUG3H.js?v=602de535:507:19)
    at setupRenderEffect (http://localhost:5173/node_modules/.vite/deps/chunk-LZ3HUG3H.js?v=602de535:8425:5)
[  156389ms] ReferenceError: reactive is not defined
    at setup (http://localhost:5173/src/views/MemoryDetail.vue:30:23)
    at callWithErrorHandling (http://localhost:5173/node_modules/.vite/deps/chunk-LZ3HUG3H.js?v=602de535:2351:19)
    at setupStatefulComponent (http://localhost:5173/node_modules/.vite/deps/chunk-LZ3HUG3H.js?v=602de535:10295:25)
    at setupComponent (http://localhost:5173/node_modules/.vite/deps/chunk-LZ3HUG3H.js?v=602de535:10257:36)
    at mountComponent (http://localhost:5173/node_modules/.vite/deps/chunk-LZ3HUG3H.js?v=602de535:8183:7)
    at processComponent (http://localhost:5173/node_modules/.vite/deps/chunk-LZ3HUG3H.js?v=602de535:8149:9)
    at patch (http://localhost:5173/node_modules/.vite/deps/chunk-LZ3HUG3H.js?v=602de535:7646:11)
    at ReactiveEffect.componentUpdateFn [as fn] (http://localhost:5173/node_modules/.vite/deps/chunk-LZ3HUG3H.js?v=602de535:8297:11)
    at ReactiveEffect.run (http://localhost:5173/node_modules/.vite/deps/chunk-LZ3HUG3H.js?v=602de535:507:19)
    at setupRenderEffect (http://localhost:5173/node_modules/.vite/deps/chunk-LZ3HUG3H.js?v=602de535:8425:5)
[  156390ms] ReferenceError: reactive is not defined
    at setup (http://localhost:5173/src/views/MemoryDetail.vue:30:23)
    at callWithErrorHandling (http://localhost:5173/node_modules/.vite/deps/chunk-LZ3HUG3H.js?v=602de535:2351:19)
    at setupStatefulComponent (http://localhost:5173/node_modules/.vite/deps/chunk-LZ3HUG3H.js?v=602de535:10295:25)
    at setupComponent (http://localhost:5173/node_modules/.vite/deps/chunk-LZ3HUG3H.js?v=602de535:10257:36)
    at mountComponent (http://localhost:5173/node_modules/.vite/deps/chunk-LZ3HUG3H.js?v=602de535:8183:7)
    at processComponent (http://localhost:5173/node_modules/.vite/deps/chunk-LZ3HUG3H.js?v=602de535:8149:9)
    at patch (http://localhost:5173/node_modules/.vite/deps/chunk-LZ3HUG3H.js?v=602de535:7646:11)
    at ReactiveEffect.componentUpdateFn [as fn] (http://localhost:5173/node_modules/.vite/deps/chunk-LZ3HUG3H.js?v=602de535:8297:11)
    at ReactiveEffect.run (http://localhost:5173/node_modules/.vite/deps/chunk-LZ3HUG3H.js?v=602de535:507:19)
    at setupRenderEffect (http://localhost:5173/node_modules/.vite/deps/chunk-LZ3HUG3H.js?v=602de535:8425:5)
